sample_id,sample_date,no3_n,k,mg,ca,nh4_n
MPR,1989-05-16,69,0.77,1.92,6.15,NA
MPR,1989-05-23,69,0.72,2.41,7.17,NA
MPR,1989-05-30,79,0.7,1.6,5.19,NA
MPR,1989-06-06,85,0.59,1.69,6.6,NA
MPR,1989-06-13,70,0.65,2.06,6.66,NA
MPR,1989-06-20,71,0.66,1.98,7.64,NA
MPR,1989-06-27,NA,0.7,3.31,7.83,NA
MPR,1989-07-05,10,0.62,0.82,3.17,NA
MPR,1989-07-11,24,0.76,1.85,7.94,NA
MPR,1989-07-26,10,0.69,1.5,6.95,NA
MPR,1989-08-01,90,0.73,1.66,7.08,NA
MPR,1989-08-08,183,0.7,1.85,7.4,NA
MPR,1989-08-15,41,0.74,1.87,7.43,NA
MPR,1989-08-22,114,0.61,1.17,5,NA
MPR,1989-08-29,29,0.56,NA,4.3,NA
MPR,1989-09-12,49,0.6,1.42,5.61,NA
MPR,1989-10-03,80,1.01,2.84,4.16,NA
MPR,1989-10-10,71,1.01,2.19,7.94,NA
MPR,1989-10-24,247,1.17,2.23,8.19,NA
MPR,1989-11-07,614,1.6,1.79,6.9,NA
MPR,1989-11-14,357,1.26,1.92,7.34,NA
MPR,1989-11-21,212,NA,NA,NA,NA
MPR,1989-11-28,170,0.91,2.45,10.08,NA
MPR,1989-12-05,10,0.84,2.58,10.72,NA
MPR,1989-12-12,6,0.44,3.62,4.12,NA
MPR,1989-12-19,NA,0.31,NA,NA,NA
MPR,1989-12-26,179,0.81,2.69,11.82,NA
MPR,1990-01-02,NA,1.74,1.8,6.25,NA
MPR,1990-01-09,113,1.01,2.52,10.82,NA
MPR,1990-01-16,99,1,2.35,10.72,NA
MPR,1990-01-23,24,1.04,2.14,8.7,NA
MPR,1990-01-30,335,0.98,2.11,9.27,NA
MPR,1990-02-06,215,1.04,2.33,10.95,NA
MPR,1990-02-13,308,1.18,2.35,9.39,NA
MPR,1990-02-20,32,1.18,2.2,9.05,NA
MPR,1990-02-27,250,1.02,2.18,NA,NA
MPR,1990-03-06,160,1.06,2.44,9.99,NA
MPR,1990-03-13,333,1.17,1,3.84,NA
MPR,1990-03-20,226,0.95,2.21,8.49,NA
MPR,1990-03-27,336,1.19,1.62,5.46,NA
MPR,1990-04-03,123,0.93,2.15,8.32,NA
MPR,1990-04-10,124,1,2.42,10.45,NA
MPR,1990-04-17,130,0.99,2.16,9.07,NA
MPR,1990-04-24,10,0.99,2.41,10.48,NA
MPR,1990-05-01,183,1.01,2.14,8.95,NA
MPR,1990-05-08,17,1.01,2.44,10.49,NA
MPR,1990-05-15,250,0.95,1.7,8.31,NA
MPR,1990-05-22,117,1,2.33,10.22,NA
MPR,1990-05-29,217,1.07,2.12,9.24,NA
MPR,1990-06-05,212,1.01,2.03,8.75,NA
MPR,1990-06-12,213,1,2.11,9.06,NA
MPR,1990-06-19,184,0.94,2.12,8.42,NA
MPR,1990-06-26,237,0.87,1.58,6.25,NA
MPR,1990-07-03,129,0.95,2.42,10.04,NA
MPR,1990-07-10,153,0.91,2.35,9.93,NA
MPR,1990-07-17,10,0.86,2.16,9.08,NA
MPR,1990-07-24,328,0.98,1.13,4.31,NA
MPR,1990-07-31,115,0.85,2.42,10.87,NA
MPR,1990-08-07,101,0.89,2.76,11.45,NA
MPR,1990-08-14,339,0.83,1.15,6.78,NA
MPR,1990-08-21,127,0.85,2.35,10.15,NA
MPR,1990-08-28,85,0.85,2.17,10.11,NA
MPR,1990-09-04,112,0.85,2.12,9.01,NA
MPR,1990-09-11,67,0.86,2.23,10.02,NA
MPR,1990-09-18,129,0.83,1.78,8.39,NA
MPR,1990-09-25,112,0.86,2.3,9.94,NA
MPR,1990-10-02,88,0.76,2.09,8.94,NA
MPR,1990-10-09,119,0.87,1.95,8.3,NA
MPR,1990-10-16,138,0.78,2.17,8.05,NA
MPR,1990-10-23,170,0.78,1.95,8,NA
MPR,1990-10-30,133,0.71,1.36,4.39,NA
MPR,1990-11-06,7,0.76,1.81,6.96,NA
MPR,1990-11-13,NA,0.77,2.36,8.43,NA
MPR,1990-11-20,171,0.78,2.33,9.45,NA
MPR,1990-11-27,183,0.72,1.87,8.49,NA
MPR,1990-12-04,216,0.7,0.36,0.21,NA
MPR,1990-12-11,89,0.62,2.26,9.73,NA
MPR,1990-12-18,165,0.56,2.14,9.49,NA
MPR,1990-12-25,110,0.75,3.36,10.45,NA
MPR,1990-12-31,158,0.88,1.18,4.72,NA
MPR,1991-01-08,127,0.77,1.96,9.05,NA
MPR,1991-01-15,NA,0.59,2.09,8.5,NA
MPR,1991-01-22,123,0.35,3.34,5.02,NA
MPR,1991-01-29,106,0.66,2.34,5.24,NA
MPR,1991-02-05,234,0.66,1.58,6.49,NA
MPR,1991-02-12,63,0.74,2.31,9.52,NA
MPR,1991-02-19,219,0.62,1.36,5.63,NA
MPR,1991-02-26,32,0.65,2.05,7.68,NA
MPR,1991-03-05,NA,0.6,2.09,8.65,NA
MPR,1991-03-12,114,2.7,2.18,9.9,NA
MPR,1991-03-19,164,0.76,1.62,6.9,NA
MPR,1991-03-26,133,0.63,2.14,NA,NA
MPR,1991-04-02,14,0.67,2.23,4.58,NA
MPR,1991-04-15,29,0.75,1.13,4.31,NA
MPR,1991-04-23,70,0.85,1.33,4,NA
MPR,1991-04-30,55,0.83,1.13,4.31,NA
MPR,1991-05-07,32,0.66,0.84,5.02,NA
MPR,1991-05-14,75,0.73,0.84,5.09,NA
MPR,1991-05-21,45,0.73,NA,NA,NA
MPR,1991-05-28,10,NA,0.36,NA,NA
MPR,1991-06-04,86,0.84,0.87,5.08,NA
MPR,1991-06-11,68,NA,0.45,NA,NA
MPR,1991-06-18,54,NA,NA,NA,NA
MPR,1991-06-25,6,0.79,0.87,5.14,NA
MPR,1991-07-02,138,0.75,0.8,5.31,NA
MPR,1991-07-09,135,0.79,0.91,5.06,NA
MPR,1991-07-16,25,1.02,2.23,4.58,NA
MPR,1991-07-23,10,0.67,2.23,4.58,NA
MPR,1991-07-30,10,0.64,2.44,4.26,NA
MPR,1991-08-06,79,0.75,3,10.24,NA
MPR,1991-08-13,NA,0.78,3.27,10.91,NA
MPR,1991-08-20,NA,0.71,2.9,11.19,NA
MPR,1991-08-27,109,1.08,2.97,8.74,NA
MPR,1991-09-03,15,0.89,2.19,7.95,NA
MPR,1991-09-10,56,1.09,2.74,11.21,NA
MPR,1991-09-17,86,0.79,2.39,8.31,NA
MPR,1991-09-24,94,0.67,2.91,11.02,NA
MPR,1991-10-01,122,0.77,1.9,6.18,NA
MPR,1991-10-08,81,0.79,2.22,8.04,NA
MPR,1991-10-15,285,0.76,2.07,7.26,NA
MPR,1991-10-22,104,0.76,2.3,7.33,NA
MPR,1991-10-29,107,NA,NA,NA,NA
MPR,1991-11-05,100,0.26,0.55,1.53,NA
MPR,1991-11-12,196,0.83,2.22,7.1,NA
MPR,1991-11-18,27,0.92,2.62,8.78,NA
MPR,1991-11-26,114,0.83,2.23,6.72,NA
MPR,1991-12-03,10,0.67,1.77,6.48,NA
MPR,1991-12-10,127,0.74,2.04,7.07,NA
MPR,1991-12-17,128,0.23,0.46,0.35,NA
MPR,1991-12-23,143,0.68,2.22,9.57,NA
MPR,1991-12-30,99,0.71,2.3,10.13,NA
MPR,1992-01-07,196,1.03,1.54,6.67,NA
MPR,1992-01-14,149,0.71,1.85,8.11,NA
MPR,1992-01-21,109,0.79,2.26,9.51,NA
MPR,1992-01-28,94,0.77,2.16,9.06,NA
MPR,1992-02-04,179,0.88,2.04,9.2,NA
MPR,1992-02-11,56,0.9,2.52,10.78,NA
MPR,1992-02-18,35,0.95,2.76,11.37,NA
MPR,1992-02-25,205,0.9,2.02,15.31,NA
MPR,1992-03-03,201,0.82,1.96,15.81,NA
MPR,1992-03-10,109,1.67,2.33,11.05,NA
MPR,1992-03-17,112,0.92,2.23,8.29,NA
MPR,1992-03-24,NA,0.93,1.59,2.61,NA
MPR,1992-04-01,52,1.1,1.75,8.54,NA
MPR,1992-04-07,105,1.06,3.47,4.88,NA
MPR,1992-04-14,48,0.23,7.21,NA,NA
MPR,1992-04-21,27,0.64,2.2,8.43,NA
MPR,1992-04-28,54,1.11,2.54,9.9,NA
MPR,1992-05-05,100,0.73,1.73,8.18,NA
MPR,1992-05-12,28,0.86,1.97,8.19,NA
MPR,1992-05-19,97,0.93,2.21,9.37,NA
MPR,1992-05-26,NA,0.94,1.42,5.82,NA
MPR,1992-06-02,80,0.59,0.91,3.47,NA
MPR,1992-06-09,14,0.89,2.15,8.57,NA
MPR,1992-06-16,35,0.77,1.23,4.49,NA
MPR,1992-06-23,29,0.71,1.61,5.92,NA
MPR,1992-06-30,29,0.86,2.63,10.24,NA
MPR,1992-07-07,29,0.94,2.62,10.17,NA
MPR,1992-07-14,43,0.84,2.57,10,NA
MPR,1992-07-21,43,0.74,1.94,7.21,NA
MPR,1992-07-28,41,0.83,1.99,8.38,NA
MPR,1992-08-04,12,0.8,2.17,8.43,NA
MPR,1992-08-11,47,0.56,1,4.01,NA
MPR,1992-08-18,70,0.69,2.27,8.96,NA
MPR,1992-08-25,79,0.88,2.23,9.1,NA
MPR,1992-09-01,68,1.12,3.14,11.62,NA
MPR,1992-09-08,10,0.89,2.69,10.03,NA
MPR,1992-09-15,11,1.16,2.32,9.85,NA
MPR,1992-09-22,21,0.66,1.72,6.96,NA
MPR,1992-09-29,89,0.7,2.02,8.6,NA
MPR,1992-10-06,164,0.75,2.43,9.92,NA
MPR,1992-10-13,24,0.75,2.59,11.18,NA
MPR,1992-10-20,7,0.71,2.37,9.45,NA
MPR,1992-10-27,24,1.36,3.09,13.78,NA
MPR,1992-11-03,53,0.54,1.35,6.32,NA
MPR,1992-11-10,66,0.54,1,3.59,NA
MPR,1992-11-17,22,0.6,1.76,6.54,NA
MPR,1992-11-24,NA,0.67,1.62,6.2,NA
MPR,1992-12-01,37,0.94,1.91,7.38,NA
MPR,1992-12-08,19,0.65,1.99,8.04,NA
MPR,1992-12-15,14,0.35,1.45,7.31,NA
MPR,1992-12-22,NA,NA,NA,NA,NA
MPR,1992-12-29,NA,0.67,1.7,6.87,NA
MPR,1993-01-05,NA,0.76,1.9,7.55,NA
MPR,1993-01-12,NA,0.82,2.06,7.87,NA
MPR,1993-01-19,NA,0.59,2.06,7.93,NA
MPR,1993-01-26,NA,0.75,2.02,7.79,NA
MPR,1993-02-02,NA,0.78,1.97,7.66,NA
MPR,1993-02-09,NA,0.75,2.22,9.21,NA
MPR,1993-02-16,NA,0.53,1.25,5.59,NA
MPR,1993-02-23,NA,0.88,2.09,7.5,NA
MPR,1993-03-02,78,0.64,2.26,9.12,NA
MPR,1993-03-09,76,0.91,2.32,9.09,NA
MPR,1993-03-16,99,0.78,2.32,8.53,NA
MPR,1993-03-23,46,0.8,2.46,9.72,NA
MPR,1993-03-30,132,0.71,2.39,8.79,NA
MPR,1993-04-06,119,0.85,2.46,10.02,NA
MPR,1993-04-13,57,0.82,2.46,10.68,NA
MPR,1993-04-20,72,0.96,2.31,9.75,NA
MPR,1993-04-27,53,0.78,2.36,8.13,NA
MPR,1993-05-04,68,1.07,1.67,6.55,NA
MPR,1993-05-11,25,0.68,1.52,5.78,NA
MPR,1993-05-18,75,0.81,2.04,8.04,NA
MPR,1993-05-25,11,0.87,1.68,6.8,NA
MPR,1993-06-01,NA,0.74,1.74,6.9,NA
MPR,1993-06-08,56,0.83,2.34,9.04,NA
MPR,1993-06-15,NA,NA,NA,NA,NA
MPR,1993-06-15,17,0.72,1.77,7.26,NA
MPR,1993-06-22,NA,1.01,1.89,7.22,NA
MPR,1993-06-29,NA,0.97,3.29,14.36,NA
MPR,1993-07-06,148,0.64,2.19,8.71,NA
MPR,1993-07-13,NA,0.64,1.88,7.99,NA
MPR,1993-07-20,NA,0.76,2.14,8.47,NA
MPR,1993-07-27,NA,0.7,0.93,7.45,NA
MPR,1993-08-03,6,0.69,2.34,9.46,NA
MPR,1993-08-10,NA,NA,NA,NA,NA
MPR,1993-08-17,40,0.98,2.42,9.77,NA
MPR,1993-08-24,58,0.97,2.7,10.85,NA
MPR,1993-08-31,NA,0.76,1.48,6,NA
MPR,1993-09-07,99,0.96,1.9,7.65,NA
MPR,1993-09-14,56,0.91,2.55,10.58,NA
MPR,1993-09-21,54,0.76,1.97,8.35,NA
MPR,1993-09-28,6,0.35,1.44,6.78,NA
MPR,1993-10-05,19,0.8,2.02,7.36,NA
MPR,1993-10-13,70,0.71,2.14,8.03,NA
MPR,1993-10-19,8,0.59,1.14,7.11,NA
MPR,1993-10-26,83,0.8,1.77,7.03,NA
MPR,1993-11-02,47,0.61,2.86,9.12,NA
MPR,1993-11-09,7,0.65,1.61,6.58,NA
MPR,1993-11-16,53,1.05,1.93,6.56,NA
MPR,1993-11-23,17,0.94,2.81,9.7,NA
MPR,1993-11-30,19,0.6,1.38,5.15,NA
MPR,1993-12-07,NA,0.54,2.22,8.14,NA
MPR,1993-12-14,52,0.7,2.35,9.98,NA
MPR,1993-12-21,25,0.64,1.29,5.59,NA
MPR,1993-12-28,NA,0.24,0.52,NA,NA
MPR,1994-01-04,NA,0.56,1.02,7.47,NA
MPR,1994-01-11,NA,0.12,0.18,0.21,NA
MPR,1994-01-18,NA,0.55,1.02,7.12,NA
MPR,1994-01-25,NA,0.59,2.17,8.87,NA
MPR,1994-02-01,5,0.56,1.96,7.52,NA
MPR,1994-02-08,9,0.69,1.95,7.54,NA
MPR,1994-02-15,NA,0.55,2.06,8.1,NA
MPR,1994-02-22,5,0.54,0.97,4,NA
MPR,1994-03-01,NA,0.74,2.08,8.55,NA
MPR,1994-03-08,NA,0.79,2.32,9.86,NA
MPR,1994-03-15,NA,0.72,2.41,10.44,NA
MPR,1994-03-22,9,0.81,2.56,11.28,NA
MPR,1994-03-29,NA,0.77,2.48,11.17,NA
MPR,1994-04-05,NA,0.83,2.63,12.21,NA
MPR,1994-04-12,NA,0.7,1.57,5.97,NA
MPR,1994-04-19,NA,0.61,1.88,8.26,NA
MPR,1994-04-26,19,0.74,2.4,10.82,NA
MPR,1994-05-03,27,0.77,2.59,11.6,NA
MPR,1994-05-10,19,0.6,1.32,5.12,NA
MPR,1994-05-17,18,1,1.61,6.88,NA
MPR,1994-05-24,19,0.82,2.31,10.3,NA
MPR,1994-05-31,29,1.2,3.34,11.44,NA
MPR,1994-06-07,12,0.8,2.18,8.58,NA
MPR,1994-06-14,15,0.97,2.55,10.15,NA
MPR,1994-06-21,14,0.84,2.56,10.04,NA
MPR,1994-06-28,NA,0.82,2.06,9.07,NA
MPR,1994-07-05,12,0.83,2.54,10.16,NA
MPR,1994-07-12,38,0.49,1.94,3.02,NA
MPR,1994-07-19,59,0.68,1.71,7.71,NA
MPR,1994-07-26,NA,1.1,2.43,12.08,NA
MPR,1994-08-02,NA,0.73,2.28,9.2,NA
MPR,1994-08-09,179,0.88,3.72,5.29,NA
MPR,1994-08-16,NA,0.77,2.18,11.23,NA
MPR,1994-08-23,NA,0.85,2.42,11.67,NA
MPR,1994-08-30,NA,1.03,3.25,11.65,NA
MPR,1994-09-06,NA,0.97,2.18,8.32,NA
MPR,1994-09-13,NA,0.79,2.33,9.85,NA
MPR,1994-09-20,NA,0.73,1.07,3.62,NA
MPR,1994-09-27,NA,1.02,2.03,10.54,NA
MPR,1994-10-04,NA,0.85,2.53,12.41,NA
MPR,1994-10-11,NA,0.74,1.84,8.15,NA
MPR,1994-10-18,NA,0.89,2.24,11.49,NA
MPR,1994-10-25,NA,0.65,1.63,6.89,NA
MPR,1994-11-01,NA,0.82,2.29,9.8,NA
MPR,1994-11-08,NA,0.63,1.36,5.86,NA
MPR,1994-11-15,NA,0.73,2.06,9.42,NA
MPR,1994-11-22,NA,0.55,1.39,6.05,NA
MPR,1994-11-29,80,0.89,2.29,6.94,NA
MPR,1994-12-06,6,0.92,2.95,6.41,NA
MPR,1994-12-13,NA,0.6,1.95,8.16,NA
MPR,1994-12-20,NA,0.67,2.22,10.04,NA
MPR,1994-12-27,NA,0.61,2.28,9.25,NA
Q1,1988-01-05,132,0.76,2.66,4.06,19
Q1,1988-01-12,134,0.77,2.61,4.08,18
Q1,1988-01-19,125,0.75,2.67,4.16,21
Q1,1988-01-26,123,0.74,2.85,4.41,14
Q1,1988-01-29,77,0.86,1.48,2.4,21
Q1,1988-01-29,81,0.83,1.35,2.06,31
Q1,1988-01-29,281,0.91,1.64,2.65,27
Q1,1988-01-29,267,0.84,1.41,2.63,24
Q1,1988-01-29,242,0.86,1.59,2.67,21
Q1,1988-02-02,138,0.76,1.71,2.78,80
Q1,1988-02-02,168,0.79,1.62,2.57,17
Q1,1988-02-03,NA,NA,NA,NA,NA
Q1,1988-02-04,NA,NA,NA,NA,NA
Q1,1988-02-09,149,0.8,2.73,4.09,54
Q1,1988-02-10,NA,NA,NA,NA,NA
Q1,1988-02-16,113,0.77,2.67,4.04,20
Q1,1988-02-23,152,0.85,2.94,4.39,28
Q1,1988-03-01,144,0.81,2.96,4.31,18
Q1,1988-03-08,144,0.5,2.12,3.89,25
Q1,1988-03-15,148,0.7,2.72,4.02,34
Q1,1988-03-23,144,0.73,2.76,4.05,13
Q1,1988-03-29,291,0.97,1.48,3.16,8
Q1,1988-03-29,283,1.13,1.47,3.22,7
Q1,1988-03-29,239,0.86,1.7,2.72,10
Q1,1988-03-29,291,1.07,1.09,1.31,20
Q1,1988-03-29,300,1.07,1.11,1.29,8
Q1,1988-03-29,261,1.17,1.49,3.7,13
Q1,1988-03-29,265,1.11,1.16,1.38,31
Q1,1988-03-29,252,1.06,1.19,1.34,16
Q1,1988-04-05,135,0.82,2.31,2.75,26
Q1,1988-04-12,141,0.71,2.77,4.22,34
Q1,1988-04-19,150,0.85,2.57,3.82,16
Q1,1988-04-26,142,0.74,2.87,4.3,28
Q1,1988-05-03,139,0.75,2.82,4.18,65
Q1,1988-05-10,142,1.19,2.24,3.6,69
Q1,1988-05-10,NA,NA,NA,NA,NA
Q1,1988-05-10,NA,NA,NA,NA,NA
Q1,1988-05-10,NA,NA,NA,NA,NA
Q1,1988-05-10,203,1.2,1.44,2.58,10
Q1,1988-05-17,148,NA,1.12,1.12,237
Q1,1988-05-24,149,0.75,1.2,1.34,63
Q1,1988-05-31,156,0.9,2.57,3.16,61
Q1,1988-06-07,147,0.8,2.91,3.58,59
Q1,1988-06-14,NA,0.79,2.85,3.53,68
Q1,1988-06-21,NA,0.81,1.95,2.66,158
Q1,1988-06-28,NA,0.71,2.71,4.87,NA
Q1,1988-07-05,NA,0.78,2.84,3.41,NA
Q1,1988-07-12,NA,NA,0.54,NA,NA
Q1,1988-07-19,NA,0.73,1.84,2.54,NA
Q1,1988-07-22,NA,0.82,2.47,3.2,NA
Q1,1988-07-26,NA,NA,NA,NA,NA
Q1,1988-07-26,NA,0.71,1.65,2.43,NA
Q1,1988-08-02,NA,0.73,2.9,3.48,NA
Q1,1988-08-09,NA,0.81,2.92,3.56,NA
Q1,1988-08-16,NA,0.84,2.85,3.49,16
Q1,1988-08-23,135,0.87,2.71,3.95,NA
Q1,1988-08-24,8,0.76,0.86,1.23,NA
Q1,1988-08-24,7,NA,NA,NA,NA
Q1,1988-08-24,NA,0.77,NA,1.79,NA
Q1,1988-08-24,11,0.48,0.47,0.75,NA
Q1,1988-08-24,10,0.9,0.79,1.32,NA
Q1,1988-08-30,150,0.78,2.62,3.29,NA
Q1,1988-09-06,120,0.69,2.76,3.9,15
Q1,1988-09-13,192,0.79,1.53,0.7,NA
Q1,1988-09-20,150,0.75,2.64,3.75,47
Q1,1988-09-27,149,0.71,2.66,4.21,NA
Q1,1988-10-04,43,0.73,2.09,3.05,59
Q1,1988-10-11,151,0.75,2.58,5.02,49
Q1,1988-10-18,154,NA,NA,NA,46
Q1,1988-10-25,146,0.88,2.56,3.97,NA
Q1,1988-11-01,143,0.86,2.72,4.28,NA
Q1,1988-11-07,137,0.87,2.73,4.34,NA
Q1,1988-11-15,130,0.99,2.68,4.22,NA
Q1,1988-11-22,139,0.86,2.31,3.82,NA
Q1,1988-11-29,139,0.82,2.8,4.2,NA
Q1,1988-12-06,139,0.82,2.5,4.24,NA
Q1,1988-12-13,149,1.05,2.65,4.23,NA
Q1,1988-12-20,156,0.93,2.75,4.26,NA
Q1,1988-12-27,156,0.93,2.68,4.15,NA
Q1,1989-01-03,NA,0.23,0.49,NA,NA
Q1,1989-01-10,221,0.97,2.49,4.09,NA
Q1,1989-01-17,10,0.99,2.73,4.43,NA
Q1,1989-01-24,155,0.96,2.79,4.4,NA
Q1,1989-01-31,171,0.99,2.87,4.48,NA
Q1,1989-02-07,176,0.95,2.78,4.5,NA
Q1,1989-02-14,179,0.78,2.94,4.32,NA
Q1,1989-02-21,159,0.85,2.77,4.18,NA
Q1,1989-02-28,159,0.94,2.64,3.94,NA
Q1,1989-03-07,152,0.83,2.91,4.29,NA
Q1,1989-03-09,NA,NA,NA,NA,NA
Q1,1989-03-14,10,NA,NA,NA,NA
Q1,1989-03-14,NA,0.89,2.62,4.1,NA
Q1,1989-03-21,148,0.79,2.88,4.05,NA
Q1,1989-03-28,147,0.79,2.82,3.98,NA
Q1,1989-04-04,146,0.82,2.76,3.51,NA
Q1,1989-04-11,143,0.84,2.38,4.29,NA
Q1,1989-04-18,114,0.78,2.79,4.92,NA
Q1,1989-04-25,147,0.88,2.74,4.92,NA
Q1,1989-05-02,135,0.91,2.8,4.96,NA
Q1,1989-05-09,148,0.99,2.61,4.62,NA
Q1,1989-05-16,149,0.89,2.87,4.75,NA
Q1,1989-05-23,142,0.86,2.89,4.81,NA
Q1,1989-05-30,144,0.88,2.96,4.74,NA
Q1,1989-06-06,134,1.4,4.97,5.22,NA
Q1,1989-06-13,129,0.82,2.06,4.83,NA
Q1,1989-06-20,141,0.81,3.08,4.3,NA
Q1,1989-06-27,161,0.83,3.15,4.53,NA
Q1,1989-07-05,10,0.89,1.26,2.4,NA
Q1,1989-07-11,123,1.02,2.95,5.05,NA
Q1,1989-07-18,NA,1.02,2.79,4.93,NA
Q1,1989-07-26,119,0.95,2.6,4.41,NA
Q1,1989-08-01,134,0.92,2.77,4.3,NA
Q1,1989-08-08,91,0.99,2.99,4.61,NA
Q1,1989-08-15,95,0.98,3.09,4.47,NA
Q1,1989-08-22,200,0.9,1.33,1.22,NA
Q1,1989-08-29,36,0.9,2.66,4.52,NA
Q1,1989-09-05,22,0.87,2.96,4.75,NA
Q1,1989-09-12,NA,0.91,2.94,4.22,NA
Q1,1989-09-20,NA,NA,NA,NA,NA
Q1,1989-09-22,10,0.99,2.48,3.88,NA
Q1,1989-09-26,NA,1.27,2.63,3.93,NA
Q1,1989-09-26,NA,1.22,2.57,3.9,NA
Q1,1989-10-03,NA,0.98,2.83,4.24,NA
Q1,1989-10-05,NA,1.26,NA,NA,NA
Q1,1989-10-10,89,0.91,2.87,4.31,NA
Q1,1989-10-17,NA,1.04,2.92,4.42,NA
Q1,1989-10-24,251,1.19,2.95,4.48,NA
Q1,1989-10-31,338,1.23,3.97,4.14,NA
Q1,1989-11-07,420,1.66,3.13,4.25,NA
Q1,1989-11-08,1365,2.63,3.1,4.24,NA
Q1,1989-11-14,291,1.33,3.13,4.31,NA
Q1,1989-11-21,156,1.13,3.07,4.3,NA
Q1,1989-11-28,185,0.93,3.19,5.52,NA
Q1,1989-12-05,147,0.82,3.19,5.69,NA
Q1,1989-12-12,164,0.83,3.29,5.91,NA
Q1,1989-12-19,148,0.8,3.24,6.04,NA
Q1,1989-12-26,27,0.96,3.06,6.78,NA
Q1,1990-01-02,NA,2.98,3.19,5.15,NA
Q1,1990-01-09,38,0.95,3.28,5.9,NA
Q1,1990-01-16,73,1,3.37,6.13,NA
Q1,1990-01-23,10,1.05,3.23,5.59,NA
Q1,1990-01-30,17,1.02,3.27,6.01,NA
Q1,1990-02-06,156,0.97,3.22,6.02,NA
Q1,1990-02-13,212,1.08,3.49,6.01,NA
Q1,1990-02-20,267,1.21,3.4,5.85,NA
Q1,1990-02-27,171,1.16,3.46,5.97,NA
Q1,1990-03-06,119,0.94,3.48,6.09,NA
Q1,1990-03-13,NA,2.25,1.82,3.05,NA
Q1,1990-03-20,490,1.29,3.25,5.58,NA
Q1,1990-03-27,259,1.19,3.11,5.34,NA
Q1,1990-04-03,NA,1.03,3.26,5.54,NA
Q1,1990-04-10,8,0.95,3.39,5.85,NA
Q1,1990-04-17,42,0.94,3.29,5.81,NA
Q1,1990-04-24,53,0.97,3.35,5.96,NA
Q1,1990-04-25,999,1.71,0.49,0.66,NA
Q1,1990-04-25,1468,2.1,0.65,0.88,NA
Q1,1990-04-25,1413,2.3,0.59,0.83,NA
Q1,1990-04-26,243,1.49,2.72,4.23,NA
Q1,1990-05-01,193,1.09,3.38,5.97,NA
Q1,1990-05-08,189,1.15,3.24,5.48,NA
Q1,1990-05-10,737,1.83,1.53,2.51,NA
Q1,1990-05-15,204,1.14,3.15,5.42,NA
Q1,1990-05-22,163,1.14,3.36,5.84,NA
Q1,1990-05-29,142,1.24,3.29,5.4,NA
Q1,1990-06-05,10,1.16,3.08,5.25,NA
Q1,1990-06-12,154,1.19,3.21,5.75,NA
Q1,1990-06-19,170,1.24,3.44,5.56,NA
Q1,1990-06-26,203,1.29,3.09,5.07,NA
Q1,1990-07-03,109,1,3.71,6.39,NA
Q1,1990-07-10,119,1.03,3.49,5.94,NA
Q1,1990-07-17,77,0.93,3.54,6.18,NA
Q1,1990-07-24,445,1.7,1.92,3.13,NA
Q1,1990-07-31,7,0.86,3.62,6.18,NA
Q1,1990-08-07,49,0.89,3.65,6.38,NA
Q1,1990-08-14,250,1.29,2.96,4.75,NA
Q1,1990-08-21,90,0.86,3.44,6.13,NA
Q1,1990-08-28,10,0.78,3.51,6.04,NA
Q1,1990-09-04,10,0.78,3.15,6.06,NA
Q1,1990-09-11,NA,0.76,3.47,6.13,NA
Q1,1990-09-18,NA,0.79,3.36,5.88,NA
Q1,1990-09-25,NA,0.81,3.33,6.21,NA
Q1,1990-10-02,76,1,2.55,4.99,NA
Q1,1990-10-09,48,0.98,3.08,5.65,NA
Q1,1990-10-16,9,0.87,3.49,5.55,NA
Q1,1990-10-23,67,0.95,3.16,5.19,NA
Q1,1990-10-30,130,1.19,1.6,2.64,NA
Q1,1990-11-06,257,1.04,2.94,4.63,NA
Q1,1990-11-13,113,0.97,3.27,5.05,NA
Q1,1990-11-20,75,0.85,3.32,5.03,NA
Q1,1990-11-27,142,0.95,3,4.7,NA
Q1,1990-12-04,236,1.31,1.57,2.65,NA
Q1,1990-12-04,8,0.96,2.89,4.94,NA
Q1,1990-12-11,7,0.78,3.25,5.69,NA
Q1,1990-12-14,300,2.14,1.65,2.87,NA
Q1,1990-12-18,87,0.69,3.24,5.64,NA
Q1,1990-12-25,121,0.86,3.25,5.65,NA
Q1,1990-12-31,233,1.23,2.37,3.96,NA
Q1,1991-01-08,131,1.07,2.8,4.89,NA
Q1,1991-01-15,NA,0.79,3.65,6.78,NA
Q1,1991-01-22,176,0.67,3.36,5.91,NA
Q1,1991-01-29,188,0.77,3.3,6.18,NA
Q1,1991-02-05,NA,0.83,3.01,5.4,NA
Q1,1991-02-12,28,0.8,3.57,6.39,NA
Q1,1991-02-19,13,1.12,2.41,4.27,NA
Q1,1991-02-26,89,0.86,3.36,5.37,NA
Q1,1991-03-05,74,0.7,3.25,5.96,NA
Q1,1991-03-12,47,0.79,3.1,5.8,NA
Q1,1991-03-19,158,0.81,3.25,6.1,NA
Q1,1991-03-22,NA,NA,NA,NA,NA
Q1,1991-03-26,113,0.71,3.1,5.84,NA
Q1,1991-04-02,78,0.75,3.27,5.99,NA
Q1,1991-04-09,36,0.77,3.13,5.59,NA
Q1,1991-04-15,23,0.9,3.01,5.25,NA
Q1,1991-04-23,19,0.93,3.14,5.51,NA
Q1,1991-04-30,31,0.78,1.92,3.13,NA
Q1,1991-05-07,70,0.89,3,5.62,NA
Q1,1991-05-14,10,0.96,3.01,5.76,NA
Q1,1991-05-21,10,0.89,3.09,5.4,NA
Q1,1991-05-28,22,0.89,3.11,5.26,NA
Q1,1991-05-31,NA,0.92,3.06,5.21,NA
Q1,1991-06-01,NA,NA,NA,NA,NA
Q1,1991-06-04,136,0.92,3.06,5.26,NA
Q1,1991-06-11,73,1.15,3.14,5.36,NA
Q1,1991-06-18,55,0.87,3.01,5.36,NA
Q1,1991-06-25,NA,0.92,3.08,5.14,NA
Q1,1991-07-02,63,1.17,3.09,5.01,NA
Q1,1991-07-09,69,0.89,2.82,5.28,NA
Q1,1991-07-16,10,0.52,3.17,5.86,NA
Q1,1991-07-23,10,0.25,3.42,5.89,NA
Q1,1991-07-30,10,0.69,3.32,5.86,NA
Q1,1991-08-06,10,0.83,4.17,6.07,NA
Q1,1991-08-13,NA,0.74,4.32,6.13,NA
Q1,1991-08-20,17,0.79,4.3,7.07,NA
Q1,1991-08-27,15,0.92,3.25,5.41,NA
Q1,1991-08-27,130,1.42,1.7,2.86,NA
Q1,1991-09-03,69,0.95,3.36,5.27,NA
Q1,1991-09-10,75,2.56,7,12.1,NA
Q1,1991-09-17,31,0.97,3.17,4.98,NA
Q1,1991-09-24,65,0.99,3.4,5.6,NA
Q1,1991-10-01,83,0.97,3.24,4.87,NA
Q1,1991-10-08,69,1.11,3.45,5.15,NA
Q1,1991-10-15,81,0.97,3.27,5.09,NA
Q1,1991-10-22,74,0.79,3.71,5.22,NA
Q1,1991-10-29,54,0.73,3.51,4.8,NA
Q1,1991-11-05,100,1.15,2.57,4.88,NA
Q1,1991-11-07,44,1.77,1.19,1.55,NA
Q1,1991-11-08,57,1.2,1.49,2.17,NA
Q1,1991-11-12,150,1.33,3.46,5.29,NA
Q1,1991-11-18,85,0.94,3.3,6.25,NA
Q1,1991-11-22,104,1.52,1.33,1.94,NA
Q1,1991-11-26,145,1.21,3.04,4.56,NA
Q1,1991-12-03,100,1.1,2.53,3.62,NA
Q1,1991-12-10,338,0.99,3.03,4.81,NA
Q1,1991-12-17,167,1.05,3.07,4.62,NA
Q1,1991-12-23,164,1.05,3.08,5.86,NA
Q1,1991-12-30,NA,1.09,3.37,5.81,NA
Q1,1992-01-07,216,1.31,2.82,4.82,NA
Q1,1992-01-14,200,1.18,3.15,5.59,NA
Q1,1992-01-21,177,1.35,3.32,5.68,NA
Q1,1992-01-28,171,1.29,3.16,5.47,NA
Q1,1992-02-04,324,1.3,2.29,2.81,NA
Q1,1992-02-06,17,1.59,2.3,4.01,NA
Q1,1992-02-11,101,1.04,3.33,4.77,NA
Q1,1992-02-18,291,1.01,3.22,5.78,NA
Q1,1992-02-25,138,0.99,3.47,5.75,NA
Q1,1992-03-03,174,1.13,3.84,8.48,NA
Q1,1992-03-10,10,1.06,3.15,5.11,NA
Q1,1992-03-17,133,1.1,3.3,6.08,NA
Q1,1992-03-24,NA,1.01,3.22,5.5,NA
Q1,1992-04-01,87,1.56,2.95,4.48,NA
Q1,1992-04-07,36,0.75,5.53,8.77,NA
Q1,1992-04-14,11,1.03,3.22,5.76,NA
Q1,1992-04-21,49,1.37,3.53,6.85,NA
Q1,1992-04-28,30,0.44,2.37,4.24,NA
Q1,1992-05-05,27,1.07,3.13,5.32,NA
Q1,1992-05-12,137,0.97,3.37,5.64,NA
Q1,1992-05-19,128,0.92,3.28,5.3,NA
Q1,1992-05-26,NA,1.35,2.54,4.21,NA
Q1,1992-06-02,66,1.34,1.49,2.24,NA
Q1,1992-06-09,10,1,3.09,5.32,NA
Q1,1992-06-16,27,1.21,1.58,2.54,NA
Q1,1992-06-23,32,0.98,2.46,3.92,NA
Q1,1992-06-30,31,1.15,3.27,5.49,NA
Q1,1992-07-07,111,1.14,3.32,5.58,NA
Q1,1992-07-14,41,1.32,3.68,6.34,NA
Q1,1992-07-21,NA,1.09,3.4,5.72,NA
Q1,1992-07-28,148,1.18,3.48,5.94,NA
Q1,1992-08-04,359,1.11,3.41,6.04,NA
Q1,1992-08-11,26,1.13,1.9,3.06,NA
Q1,1992-08-18,27,1.09,3.34,5.98,NA
Q1,1992-08-25,382,1.11,3.41,6.31,NA
Q1,1992-09-01,10,1,3.77,6.51,NA
Q1,1992-09-08,10,1.17,2.39,4.24,NA
Q1,1992-09-15,16,1.36,4.61,7.98,NA
Q1,1992-09-22,10,1.06,2.93,5.03,NA
Q1,1992-09-29,84,1,3.37,6.1,NA
Q1,1992-10-06,288,0.95,3.54,6.4,NA
Q1,1992-10-13,NA,1.27,4.27,7.35,NA
Q1,1992-10-20,56,0.87,3.45,6.16,NA
Q1,1992-10-27,NA,0.91,3.33,6.03,NA
Q1,1992-11-03,10,1.04,3.08,5.47,NA
Q1,1992-11-10,135,1.11,2.22,3.58,NA
Q1,1992-11-17,20,0.41,1.06,3.02,NA
Q1,1992-11-24,16,1.14,3.15,5.3,NA
Q1,1992-12-01,9,1.19,2.92,5.15,NA
Q1,1992-12-08,15,1.06,3.16,5.11,NA
Q1,1992-12-15,26,0.41,1.31,3.97,NA
Q1,1992-12-22,NA,NA,NA,NA,NA
Q1,1992-12-22,NA,NA,NA,NA,NA
Q1,1992-12-22,NA,1.25,2.75,4.63,NA
Q1,1992-12-29,NA,1.05,2.81,4.66,NA
Q1,1993-01-05,NA,1.44,4.25,7.11,NA
Q1,1993-01-12,NA,1.14,2.98,5.17,NA
Q1,1993-01-19,NA,1.14,2.9,4.28,NA
Q1,1993-01-26,NA,1.18,2.73,4.01,NA
Q1,1993-02-02,NA,1.07,3.19,4.67,NA
Q1,1993-02-09,NA,1,3.15,4.78,NA
Q1,1993-02-16,NA,1.09,3.15,4.84,NA
Q1,1993-02-23,NA,0.91,3.11,4.77,NA
Q1,1993-03-02,20,1.24,3.17,5.15,NA
Q1,1993-03-09,194,1.1,3.81,6.84,NA
Q1,1993-03-16,63,1,3.14,4.64,NA
Q1,1993-03-23,135,1.05,3.15,5.39,NA
Q1,1993-03-30,177,1.46,4.72,8.59,NA
Q1,1993-04-06,163,1.23,3.62,6.48,NA
Q1,1993-04-13,172,1.28,4.18,7.18,NA
Q1,1993-04-20,138,1.56,4.31,7.3,NA
Q1,1993-04-27,183,0.84,3.49,1.16,NA
Q1,1993-05-04,9,1.05,2.62,4.58,NA
Q1,1993-05-11,12,1.08,2.68,4.01,NA
Q1,1993-05-18,10,1.07,2.96,4.79,NA
Q1,1993-05-25,6,1.64,3.99,6.99,NA
Q1,1993-06-01,17,1.35,3.75,6.76,NA
Q1,1993-06-08,75,1.11,3.3,5.97,NA
Q1,1993-06-15,37,1,3.15,5.77,NA
Q1,1993-06-22,26,1.12,2.59,4.54,NA
Q1,1993-06-29,17,1.19,3.2,5.43,NA
Q1,1993-07-06,55,0.86,3.38,6.24,NA
Q1,1993-07-13,NA,1.06,3.11,5.24,NA
Q1,1993-07-20,NA,0.92,3.29,5.83,NA
Q1,1993-07-27,NA,1.05,1.6,5.21,NA
Q1,1993-08-03,NA,1.1,3.13,5.61,NA
Q1,1993-08-10,61,0.87,3.16,5.48,NA
Q1,1993-08-17,6,1.17,3.22,5.77,NA
Q1,1993-08-24,11,0.98,3.18,5.27,NA
Q1,1993-08-31,21,1.05,2.91,5.26,NA
Q1,1993-09-07,124,0.83,3.52,5.54,NA
Q1,1993-09-14,9,1.49,4.66,8.01,NA
Q1,1993-09-21,192,1.02,3.25,5.98,NA
Q1,1993-09-28,9,1.01,2.56,4.24,NA
Q1,1993-10-05,9,1.08,3.22,6.03,NA
Q1,1993-10-13,7,1.21,3.01,5.24,NA
Q1,1993-10-19,7,1.43,3.41,5.78,NA
Q1,1993-10-26,8,1.05,3.35,5.73,NA
Q1,1993-11-02,6,0.87,3.36,6.46,NA
Q1,1993-11-09,8,0.93,3.12,5.82,NA
Q1,1993-11-16,6,1.5,2.78,4.82,NA
Q1,1993-11-23,22,1.48,4.46,7.79,NA
Q1,1993-11-30,16,1.02,2.49,4.55,NA
Q1,1993-12-07,25,0.84,3.21,5.69,NA
Q1,1993-12-14,14,1.03,3.28,5.84,NA
Q1,1993-12-21,50,1.3,3.9,6.76,NA
Q1,1993-12-28,NA,1.16,2.78,4.5,NA
Q1,1994-01-04,NA,1.34,4.28,7.26,NA
Q1,1994-01-11,NA,0.95,1.34,3.99,NA
Q1,1994-01-18,NA,0.85,1.58,5.11,NA
Q1,1994-01-25,NA,0.89,3.26,5.64,NA
Q1,1994-02-01,9,0.94,2.61,4.08,NA
Q1,1994-02-08,17,1.09,3.15,5.49,NA
Q1,1994-02-15,NA,0.8,3.06,4.99,NA
Q1,1994-02-22,21,1.36,2.72,4.4,NA
Q1,1994-03-01,NA,1.21,3.36,5.64,NA
Q1,1994-03-08,NA,0.95,3.38,6.08,NA
Q1,1994-03-15,7,0.96,3.44,6.29,NA
Q1,1994-03-22,NA,1.07,3.47,6.24,NA
Q1,1994-03-29,NA,0.94,3.5,6.7,NA
Q1,1994-04-05,NA,0.93,3.53,6.2,NA
Q1,1994-04-12,142,1.02,3.3,6,NA
Q1,1994-04-19,177,1.15,3.39,6.17,NA
Q1,1994-04-26,17,1.01,3.56,6.67,NA
Q1,1994-05-03,19,0.89,3.48,6.46,NA
Q1,1994-05-10,14,1.35,3.02,5.33,NA
Q1,1994-05-17,25,1.1,2.88,5.49,NA
Q1,1994-05-24,18,1.14,3.44,6.62,NA
Q1,1994-05-31,16,1.23,4.48,7.7,NA
Q1,1994-06-07,17,1.13,3.94,6.86,NA
Q1,1994-06-14,20,1.22,4.53,7.75,NA
Q1,1994-06-21,11,1.34,3.97,6.94,NA
Q1,1994-06-28,NA,1.15,3.49,6.22,NA
Q1,1994-06-30,152,1.14,2.33,4.35,NA
Q1,1994-07-05,13,0.98,3.56,6.37,NA
Q1,1994-07-12,102,1.28,4.6,7.98,NA
Q1,1994-07-19,112,1.49,4.16,7.06,NA
Q1,1994-07-26,NA,1.05,3.41,6.23,NA
Q1,1994-08-02,NA,1.17,3.47,5.75,NA
Q1,1994-08-09,NA,1.05,3.24,5.66,NA
Q1,1994-08-16,NA,1.07,3.53,5.94,NA
Q1,1994-08-23,NA,1.05,3.26,6.4,NA
Q1,1994-08-30,NA,1.37,5.12,8.92,NA
Q1,1994-09-06,NA,1.79,3.73,6.67,NA
Q1,1994-09-13,NA,0.89,3.38,6.15,NA
Q1,1994-09-20,NA,1.7,1.45,2.42,NA
Q1,1994-09-27,NA,0.88,3.39,6.45,NA
Q1,1994-10-04,NA,0.84,3.45,6.41,NA
Q1,1994-10-11,NA,1.22,3.33,6.4,NA
Q1,1994-10-18,NA,0.94,3.44,6.6,NA
Q1,1994-10-25,NA,1.35,2.82,5.06,NA
Q1,1994-11-01,NA,1.21,3.52,6.62,NA
Q1,1994-11-08,NA,1.36,2.11,3.78,NA
Q1,1994-11-15,NA,1.25,3.4,6.29,NA
Q1,1994-11-22,NA,1.03,3.19,5.68,NA
Q1,1994-11-29,NA,1.01,3.02,5.4,NA
Q1,1994-12-06,109,0.65,2.03,3.67,NA
Q1,1994-12-13,NA,0.99,3.18,5.76,NA
Q1,1994-12-20,NA,1.45,3.67,7.83,NA
Q1,1994-12-27,NA,0.94,3.28,5.78,NA
Q2,1988-01-05,255,0.77,2.57,5.01,18
Q2,1988-01-12,233,0.77,2.54,5.27,11
Q2,1988-01-19,221,0.74,2.61,5.28,18
Q2,1988-01-26,195,0.71,2.74,5.52,17
Q2,1988-01-29,183,0.87,1.86,4.05,14
Q2,1988-01-29,306,1.12,1.59,3.66,12
Q2,1988-01-29,364,0.99,1.58,3.75,31
Q2,1988-01-29,333,1.1,1.5,3.45,12
Q2,1988-01-29,268,1.03,1.74,3.96,14
Q2,1988-01-29,NA,0.84,1.94,4.07,41
Q2,1988-01-29,331,0.98,1.53,3.54,23
Q2,1988-01-29,NA,0.84,1.98,4.07,7
Q2,1988-02-02,223,0.9,1.64,3.6,12
Q2,1988-02-02,153,0.81,1.77,4.02,30
Q2,1988-02-03,282,0.91,2.48,5.42,16
Q2,1988-02-04,NA,NA,NA,NA,NA
Q2,1988-02-09,NA,NA,NA,NA,NA
Q2,1988-02-10,NA,NA,NA,NA,NA
Q2,1988-02-16,31,0.64,2.45,4.51,19
Q2,1988-02-23,231,0.82,2.73,5.15,19
Q2,1988-03-01,218,0.77,2.73,5.15,19
Q2,1988-03-08,209,0.7,2.56,4.91,27
Q2,1988-03-15,191,0.72,2.62,4.9,27
Q2,1988-03-23,139,0.82,1.35,1.73,9
Q2,1988-03-29,287,0.97,1.69,3.51,12
Q2,1988-04-05,174,0.78,2.64,4.85,NA
Q2,1988-04-12,173,0.69,2.71,4.77,NA
Q2,1988-04-19,212,0.77,2.16,4.05,23
Q2,1988-04-26,182,0.79,2.55,4.73,34
Q2,1988-05-03,164,0.81,2.57,4.74,58
Q2,1988-05-10,NA,NA,NA,NA,NA
Q2,1988-05-10,NA,NA,NA,NA,NA
Q2,1988-05-10,NA,NA,NA,NA,NA
Q2,1988-05-10,415,1.27,0.9,2.48,38
Q2,1988-05-10,162,0.77,2.66,4.35,54
Q2,1988-05-17,234,0.75,1.13,1.36,117
Q2,1988-05-24,213,0.67,2.37,4.26,54
Q2,1988-05-31,224,0.83,2.19,3.58,69
Q2,1988-06-07,188,0.72,2.63,4.36,71
Q2,1988-06-14,NA,0.69,2.59,4.12,118
Q2,1988-06-21,NA,0.73,1.88,3.48,NA
Q2,1988-06-28,NA,0.71,2.41,4.05,NA
Q2,1988-07-05,NA,0.83,2.43,3.83,NA
Q2,1988-07-12,NA,0.71,2.59,4.53,NA
Q2,1988-07-19,NA,0.77,1.84,3.36,NA
Q2,1988-07-22,NA,0.81,2.23,3.8,NA
Q2,1988-07-26,NA,0.8,1.88,3.38,NA
Q2,1988-07-26,NA,0.71,1.61,3.1,NA
Q2,1988-08-02,NA,0.77,2.55,1.32,NA
Q2,1988-08-09,NA,0.77,2.61,4.21,17
Q2,1988-08-16,NA,0.86,2.88,3.9,14
Q2,1988-08-23,NA,0.73,2.53,4.35,NA
Q2,1988-08-24,70,0.81,1.8,3.44,11
Q2,1988-08-24,238,0.87,1.14,2.75,NA
Q2,1988-08-24,172,0.95,1.15,2.47,NA
Q2,1988-08-24,133,0.82,0.55,1.04,NA
Q2,1988-08-24,NA,NA,NA,NA,NA
Q2,1988-08-30,241,0.69,2.43,4.92,NA
Q2,1988-09-06,216,0.7,2.64,5.12,NA
Q2,1988-09-13,240,0.73,2.29,4.25,NA
Q2,1988-09-20,227,0.75,2.54,4.73,NA
Q2,1988-09-27,246,0.68,2.63,4.78,17
Q2,1988-10-04,9,0.72,2.13,3.91,NA
Q2,1988-10-11,240,0.78,NA,NA,63
Q2,1988-10-18,235,NA,NA,NA,61
Q2,1988-10-25,NA,0.83,2.32,5.05,NA
Q2,1988-11-01,218,0.81,2.33,3.9,NA
Q2,1988-11-07,225,0.86,2.35,5.23,NA
Q2,1988-11-15,224,0.83,2.34,4.98,NA
Q2,1988-11-22,224,0.8,2.25,4.87,NA
Q2,1988-11-29,208,0.82,2.59,4.2,NA
Q2,1988-12-06,239,0.96,2.62,3.96,NA
Q2,1988-12-13,220,0.87,2.25,1.3,NA
Q2,1988-12-20,214,0.83,2.33,4.05,NA
Q2,1988-12-27,227,0.83,2.42,5.21,NA
Q2,1989-01-03,9,0.91,2.5,3.96,NA
Q2,1989-01-10,421,1,1.97,4.92,NA
Q2,1989-01-17,139,1,2.54,3.93,NA
Q2,1989-01-24,222,0.94,2.66,4.08,NA
Q2,1989-01-31,246,0.94,2.69,4.08,NA
Q2,1989-02-07,245,0.94,2.55,5.08,NA
Q2,1989-02-14,249,0.78,2.69,5.09,NA
Q2,1989-02-21,228,0.86,2.36,4.65,NA
Q2,1989-02-28,235,0.9,2.25,4.59,NA
Q2,1989-03-07,237,0.89,2.59,5.04,NA
Q2,1989-03-09,NA,NA,NA,NA,NA
Q2,1989-03-14,61,NA,NA,NA,NA
Q2,1989-03-14,466,0.86,2.35,4.79,NA
Q2,1989-03-21,229,0.86,5.57,4.66,NA
Q2,1989-03-28,217,0.5,2.61,4.66,NA
Q2,1989-04-04,224,0.86,2.49,4.13,NA
Q2,1989-04-11,209,0.9,2.23,4.95,NA
Q2,1989-04-18,143,0.91,2.47,4.11,NA
Q2,1989-04-25,162,0.94,2.51,4.2,NA
Q2,1989-05-02,151,0.97,2.62,4.23,NA
Q2,1989-05-09,194,0.98,2.36,5.1,NA
Q2,1989-05-16,186,0.97,3.03,4.17,NA
Q2,1989-05-23,166,0.85,2.74,4.41,NA
Q2,1989-05-30,156,0.97,2.8,4.23,NA
Q2,1989-06-06,199,1.02,2.76,4.44,NA
Q2,1989-06-13,167,0.83,2.62,5.19,NA
Q2,1989-06-20,185,0.9,2.64,5.25,NA
Q2,1989-06-27,86,0.88,2.86,4.72,NA
Q2,1989-07-05,211,0.95,1.25,2.98,NA
Q2,1989-07-11,198,1.1,2.5,5.07,NA
Q2,1989-07-18,132,1.07,2.48,5.25,NA
Q2,1989-07-26,200,1.03,2.51,5.03,NA
Q2,1989-08-01,226,0.98,2.49,4.91,NA
Q2,1989-08-08,139,1.09,2.87,5.2,NA
Q2,1989-08-15,145,0.98,2.76,5.05,NA
Q2,1989-08-22,247,0.96,1.49,3.24,NA
Q2,1989-08-29,149,0.96,2.59,5.03,NA
Q2,1989-09-05,32,0.98,2.8,5.56,NA
Q2,1989-09-12,8,0.98,2.85,5.24,NA
Q2,1989-09-20,NA,NA,NA,NA,NA
Q2,1989-09-22,NA,1.13,2.51,4.89,NA
Q2,1989-09-26,NA,1.35,2.72,5.15,NA
Q2,1989-09-26,106,1.48,2.73,5.2,NA
Q2,1989-10-03,113,1.18,2.88,5.49,NA
Q2,1989-10-05,NA,1.1,NA,NA,NA
Q2,1989-10-10,NA,1.09,2.9,5.51,NA
Q2,1989-10-17,171,1.3,2.94,5.63,NA
Q2,1989-10-24,383,1.34,2.97,5.71,NA
Q2,1989-10-31,443,1.37,3.45,6.02,NA
Q2,1989-11-07,624,1.82,3.05,5.31,NA
Q2,1989-11-08,1204,2.44,2.92,5.45,NA
Q2,1989-11-14,424,1.6,3.02,5.25,NA
Q2,1989-11-21,304,1.37,3.09,5.4,NA
Q2,1989-11-28,290,1.06,3.22,6.86,NA
Q2,1989-12-05,262,0.96,3.17,6.77,NA
Q2,1989-12-12,265,1.05,3.14,6.85,NA
Q2,1989-12-19,263,0.93,3.13,6.91,NA
Q2,1989-12-26,164,0.79,3.19,5.89,NA
Q2,1990-01-02,NA,2.42,3.28,6.84,NA
Q2,1990-01-09,275,1.21,2.85,6.15,NA
Q2,1990-01-16,385,1.2,3.13,6.75,NA
Q2,1990-01-23,10,1.24,3,6.5,NA
Q2,1990-01-30,13,1.23,3,6.66,NA
Q2,1990-02-06,277,1.08,3.06,6.8,NA
Q2,1990-02-13,288,1.29,3.3,6.8,NA
Q2,1990-02-20,57,1.43,3.19,6.66,NA
Q2,1990-02-27,253,1.34,3.27,6.94,NA
Q2,1990-03-06,191,1.17,3.36,7.06,NA
Q2,1990-03-13,151,1.93,1.93,4.31,NA
Q2,1990-03-20,NA,1.34,3.22,6.79,NA
Q2,1990-03-27,274,1.24,3.14,6.75,NA
Q2,1990-04-03,NA,1.12,3.33,7.01,NA
Q2,1990-04-10,111,1.08,3.41,7.31,NA
Q2,1990-04-17,53,1.02,3.32,7.17,NA
Q2,1990-04-24,10,1.05,3.34,7.25,NA
Q2,1990-04-25,840,1.64,0.42,0.79,NA
Q2,1990-04-25,1059,1.99,0.51,1.03,NA
Q2,1990-04-25,1338,1.92,0.63,1.17,NA
Q2,1990-04-26,711,1.56,2.23,4.58,NA
Q2,1990-05-01,332,1.05,3.14,6.67,NA
Q2,1990-05-08,10,1.23,3.2,6.8,NA
Q2,1990-05-10,736,1.63,1.81,3.99,NA
Q2,1990-05-15,274,1.26,3.09,6.66,NA
Q2,1990-05-22,235,1.25,3.32,7.13,NA
Q2,1990-05-29,359,1.29,3.12,5.2,NA
Q2,1990-06-05,144,1.22,3.26,6.82,NA
Q2,1990-06-12,261,1.26,3.41,6.99,NA
Q2,1990-06-19,503,1.22,3.25,6.78,NA
Q2,1990-06-26,294,1.22,2.9,6.06,NA
Q2,1990-07-03,199,1.04,3.43,7.54,NA
Q2,1990-07-10,212,1.08,3.46,7.25,NA
Q2,1990-07-17,137,0.97,3.6,7.82,NA
Q2,1990-07-24,236,1.24,1.94,4.1,NA
Q2,1990-07-31,109,0.93,3.63,7.63,NA
Q2,1990-08-07,107,0.93,3.68,8.2,NA
Q2,1990-08-14,415,1.14,2.75,5.47,NA
Q2,1990-08-21,212,0.95,3.33,7.35,NA
Q2,1990-08-28,159,0.84,3.44,7.28,NA
Q2,1990-09-04,10,0.88,3.73,8.31,NA
Q2,1990-09-11,15,0.9,3.27,7.37,NA
Q2,1990-09-18,22,0.85,3.25,7.16,NA
Q2,1990-09-25,22,0.88,3.19,7.43,NA
Q2,1990-10-02,128,0.96,2.38,6.12,NA
Q2,1990-10-09,101,0.97,2.81,6.53,NA
Q2,1990-10-16,97,0.91,3.27,6.67,NA
Q2,1990-10-23,172,0.93,3.14,6.45,NA
Q2,1990-10-30,100,1,1.54,3.29,NA
Q2,1990-11-06,252,0.54,1.99,4.17,NA
Q2,1990-11-13,170,0.86,3.37,6.61,NA
Q2,1990-11-20,253,0.84,3.38,6.94,NA
Q2,1990-11-27,205,0.89,3.16,6.99,NA
Q2,1990-12-04,289,1.13,1.62,3.8,NA
Q2,1990-12-04,8,0.94,2.84,6.28,NA
Q2,1990-12-11,7,0.77,3.3,7.42,NA
Q2,1990-12-14,300,2.16,2.32,5.33,NA
Q2,1990-12-18,252,0.72,3.35,7.37,NA
Q2,1990-12-25,235,0.89,3.37,7.1,NA
Q2,1990-12-31,267,1.18,2.33,5.15,NA
Q2,1991-01-08,340,1.13,3.15,7.06,NA
Q2,1991-01-15,NA,0.78,3.29,7.06,NA
Q2,1991-01-22,138,0.74,3.41,7.46,NA
Q2,1991-01-29,95,0.75,3.25,7.07,NA
Q2,1991-02-05,5,0.86,3.03,6.8,NA
Q2,1991-02-12,63,0.89,3.39,7.42,NA
Q2,1991-02-19,71,0.98,2.4,5.56,NA
Q2,1991-02-26,229,0.87,2.28,6.71,NA
Q2,1991-03-05,NA,0.79,3.14,6.81,NA
Q2,1991-03-12,272,0.8,3.04,6.9,NA
Q2,1991-03-19,212,0.8,3.11,7.2,NA
Q2,1991-03-22,NA,NA,NA,NA,NA
Q2,1991-03-26,158,0.76,3.11,7.02,NA
Q2,1991-04-02,191,0.78,3.18,7.06,NA
Q2,1991-04-09,18,0.76,2.93,6.66,NA
Q2,1991-04-15,29,1,2.8,6.08,NA
Q2,1991-04-23,19,1.02,2.93,6.62,NA
Q2,1991-04-30,42,0.96,1.94,4.1,NA
Q2,1991-05-07,18,1.02,3.09,3.08,NA
Q2,1991-05-14,10,0.93,3.19,3.14,NA
Q2,1991-05-21,19,0.98,3.1,3.7,NA
Q2,1991-05-28,10,0.98,2.01,3.71,NA
Q2,1991-05-31,NA,1.08,3.08,3.02,NA
Q2,1991-06-01,NA,NA,NA,NA,NA
Q2,1991-06-04,77,1.02,3.19,3.14,NA
Q2,1991-06-11,91,1.1,3.01,3.66,NA
Q2,1991-06-18,86,1.05,3,3.6,NA
Q2,1991-06-25,35,1.04,3.26,3.17,NA
Q2,1991-07-02,245,1.13,3.22,3.27,NA
Q2,1991-07-09,118,1.15,3,3.15,NA
Q2,1991-07-16,NA,1.25,3.18,7.02,NA
Q2,1991-07-23,10,0.72,2.19,7.08,NA
Q2,1991-07-30,10,0.8,2.94,6.91,NA
Q2,1991-08-06,134,0.93,3.87,6.71,NA
Q2,1991-08-13,10,0.89,4.15,6.94,NA
Q2,1991-08-20,10,0.9,3.94,7.63,NA
Q2,1991-08-27,26,1.34,3.19,6.22,NA
Q2,1991-08-27,17,1.49,0.4,0.92,NA
Q2,1991-09-03,128,2.78,3.88,9.01,NA
Q2,1991-09-10,137,1.63,3.99,8.27,NA
Q2,1991-09-17,120,1.23,3.02,5.67,NA
Q2,1991-09-24,73,1.26,3.34,7,NA
Q2,1991-10-01,122,1.22,2.46,5.18,NA
Q2,1991-10-08,125,1.1,2.95,5.43,NA
Q2,1991-10-15,124,1.25,2.69,4.94,NA
Q2,1991-10-22,117,1.13,2.96,4.78,NA
Q2,1991-10-29,38,1.05,2.87,4.84,NA
Q2,1991-11-05,156,0.74,2.93,3.31,NA
Q2,1991-11-07,199,1.62,1.47,2.38,NA
Q2,1991-11-08,283,1.54,1.65,2.47,NA
Q2,1991-11-12,399,1.43,3.02,5.32,NA
Q2,1991-11-18,262,1.74,3.56,7.67,NA
Q2,1991-11-22,152,1.3,1.46,2.43,NA
Q2,1991-11-26,286,1.36,3.1,5.55,NA
Q2,1991-12-03,10,1.03,2.72,4.14,NA
Q2,1991-12-10,431,1.15,3.1,6.17,NA
Q2,1991-12-17,320,1.18,3.17,5.8,NA
Q2,1991-12-23,294,1.28,3.24,7.03,NA
Q2,1991-12-30,196,0.91,3.62,5.46,NA
Q2,1992-01-07,451,1.37,2.32,4.66,NA
Q2,1992-01-14,374,1.24,2.92,6.33,NA
Q2,1992-01-21,303,1.27,3.27,6.91,NA
Q2,1992-01-28,300,1.35,3.26,7.19,NA
Q2,1992-02-04,469,1.47,2.23,3.42,NA
Q2,1992-02-06,207,1.72,2.35,5.4,NA
Q2,1992-02-11,19,1.16,3.03,6.02,NA
Q2,1992-02-18,236,1.24,3.32,7.07,NA
Q2,1992-02-25,207,1.17,3.28,7.58,NA
Q2,1992-03-03,10,0.82,3.24,5.31,NA
Q2,1992-03-10,92,1.23,2.86,6.44,NA
Q2,1992-03-17,180,1.43,3,6.2,NA
Q2,1992-03-24,NA,1.25,3.12,6.17,NA
Q2,1992-04-01,126,1.35,2.77,5.28,NA
Q2,1992-04-07,68,1.02,3.34,5.63,NA
Q2,1992-04-14,11,0.78,3.35,3.94,NA
Q2,1992-04-21,11,1.05,3.13,6.12,NA
Q2,1992-04-28,27,1.16,3.09,6.32,NA
Q2,1992-05-05,353,1.12,2.12,4.2,NA
Q2,1992-05-12,276,1.21,2.9,6.35,NA
Q2,1992-05-19,209,1.36,2.56,6.28,NA
Q2,1992-05-26,NA,1.35,2.42,4.98,NA
Q2,1992-06-02,43,1.16,1.47,3.14,NA
Q2,1992-06-09,26,1.43,3.28,6.77,NA
Q2,1992-06-16,28,1.32,2.11,4.56,NA
Q2,1992-06-23,37,1.11,2.39,4.56,NA
Q2,1992-06-30,29,1.29,3.8,7.8,NA
Q2,1992-07-07,28,1.23,3.42,7.2,NA
Q2,1992-07-14,42,1.23,3.72,7.76,NA
Q2,1992-07-21,142,1.21,3.43,6.86,NA
Q2,1992-07-28,147,1.36,3.27,7.05,NA
Q2,1992-08-04,193,1.24,3.35,7.2,NA
Q2,1992-08-11,26,1.38,1.99,4.42,NA
Q2,1992-08-18,170,1.03,3.46,7.32,NA
Q2,1992-08-25,197,1.1,2.9,6.31,NA
Q2,1992-09-01,10,1.39,4.16,8.16,NA
Q2,1992-09-08,10,1.39,2.5,5.7,NA
Q2,1992-09-15,10,1.06,3.15,6.47,NA
Q2,1992-09-22,10,1.43,2.96,6.71,NA
Q2,1992-09-29,91,1.44,2.89,5.71,NA
Q2,1992-10-06,234,1.12,3.14,6.5,NA
Q2,1992-10-13,8,1.27,3.31,6.92,NA
Q2,1992-10-20,NA,1.13,3.12,6.86,NA
Q2,1992-10-27,20,1.18,3.26,6.74,NA
Q2,1992-11-03,33,1.28,2.79,6.02,NA
Q2,1992-11-10,29,1.41,2.24,4.76,NA
Q2,1992-11-17,35,0.42,1,3.38,NA
Q2,1992-11-24,7,1.41,2.87,6.28,NA
Q2,1992-12-01,16,1.42,2.92,5.69,NA
Q2,1992-12-08,18,1.26,3.06,6.44,NA
Q2,1992-12-15,326,1.02,3.07,7.22,NA
Q2,1992-12-22,NA,NA,NA,NA,NA
Q2,1992-12-22,NA,1.41,2.6,5.72,NA
Q2,1992-12-29,NA,1.3,2.89,5.74,NA
Q2,1993-01-05,NA,1.44,3.72,7.41,NA
Q2,1993-01-12,NA,1.17,2.92,6.13,NA
Q2,1993-01-19,NA,1.13,3.13,6.47,NA
Q2,1993-01-26,NA,1.21,2.99,5.74,NA
Q2,1993-02-02,NA,1.17,2.91,6.24,NA
Q2,1993-02-09,NA,1.12,3.07,5.91,NA
Q2,1993-02-16,NA,1.51,3.67,8.09,NA
Q2,1993-02-23,NA,1.47,3.09,6.27,NA
Q2,1993-03-02,135,1.21,3.13,6.15,NA
Q2,1993-03-09,220,0.94,3.11,6.36,NA
Q2,1993-03-16,183,1,2.82,5.29,NA
Q2,1993-03-23,NA,2.36,3.14,5.93,NA
Q2,1993-03-30,NA,1.53,4.6,10,NA
Q2,1993-04-06,44,1.28,3.5,7.7,NA
Q2,1993-04-13,93,1.23,3.56,7.47,NA
Q2,1993-04-20,67,1.29,3.02,6.54,NA
Q2,1993-04-27,36,0.97,3.27,3.08,NA
Q2,1993-05-04,365,1.14,2.17,4.76,NA
Q2,1993-05-11,12,1.39,2.33,4.33,NA
Q2,1993-05-18,NA,1.28,2.5,5.1,NA
Q2,1993-05-25,12,1.6,2.45,5.66,NA
Q2,1993-06-01,44,1.21,2.82,6.01,NA
Q2,1993-06-08,89,1.73,3.73,8.04,NA
Q2,1993-06-15,38,1.28,2.8,5.77,NA
Q2,1993-06-15,NA,NA,NA,NA,NA
Q2,1993-06-22,186,2.31,3.71,7.65,NA
Q2,1993-06-29,14,1.27,3.23,6.32,NA
Q2,1993-07-06,187,1.15,3.08,6.66,NA
Q2,1993-07-13,NA,1.34,2.78,5.91,NA
Q2,1993-07-20,NA,2.29,5.05,11.08,NA
Q2,1993-07-27,NA,1.29,1.52,6.31,NA
Q2,1993-08-03,NA,1.18,3.18,6.67,NA
Q2,1993-08-10,52,1.3,3.12,6.83,NA
Q2,1993-08-17,6,1.34,3.24,7.03,NA
Q2,1993-08-24,NA,1.62,3.99,8.37,NA
Q2,1993-08-31,7,1.33,2.69,5.94,NA
Q2,1993-09-07,29,1.02,3.03,6.71,NA
Q2,1993-09-14,163,1.39,1.65,5.63,NA
Q2,1993-09-21,248,1.21,2.98,6.72,NA
Q2,1993-09-28,18,1.05,2.49,5.58,NA
Q2,1993-10-05,14,1.16,2.97,6.44,NA
Q2,1993-10-13,8,1.55,2.86,6.31,NA
Q2,1993-10-19,9,1.28,3.02,6.32,NA
Q2,1993-10-26,17,1.78,3.46,7.61,NA
Q2,1993-11-02,10,1.25,3.27,6.58,NA
Q2,1993-11-09,11,1.3,2.98,6.54,NA
Q2,1993-11-16,185,1.57,2.76,5.92,NA
Q2,1993-11-23,47,1.63,4.11,8.5,NA
Q2,1993-11-30,18,1.18,2.47,5.44,NA
Q2,1993-12-07,54,1.14,1.66,6.03,NA
Q2,1993-12-14,20,1.34,2.97,6.56,NA
Q2,1993-12-21,16,1.45,2.8,5.95,NA
Q2,1993-12-28,NA,1.81,3.82,7.83,NA
Q2,1994-01-04,NA,1.25,1.56,5.86,NA
Q2,1994-01-11,NA,1.23,1.39,5.25,NA
Q2,1994-01-18,NA,1.39,2.94,5.78,NA
Q2,1994-01-25,NA,1.27,3.13,6.2,NA
Q2,1994-02-01,NA,1.28,2.74,5.47,NA
Q2,1994-02-08,9,1.54,2.86,5.39,NA
Q2,1994-02-15,NA,1.12,3.01,6.24,NA
Q2,1994-02-22,NA,1.59,2.22,5.36,NA
Q2,1994-03-01,10,1.46,2.38,5.48,NA
Q2,1994-03-08,18,1.27,3.08,6.69,NA
Q2,1994-03-15,NA,1.26,3.1,6.64,NA
Q2,1994-03-22,NA,1.31,3.19,7.38,NA
Q2,1994-03-29,NA,1.34,3.27,7.26,NA
Q2,1994-04-05,NA,1.3,3.28,7.3,NA
Q2,1994-04-12,28,1.19,3.05,6.59,NA
Q2,1994-04-19,94,1.38,3,6.59,NA
Q2,1994-04-26,14,1.21,3.22,6.98,NA
Q2,1994-05-03,11,1.06,3.16,7.14,NA
Q2,1994-05-10,18,1.4,2.67,5.81,NA
Q2,1994-05-17,16,1.27,2.67,5.88,NA
Q2,1994-05-24,18,1.27,3.07,6.77,NA
Q2,1994-05-31,25,1.8,4.43,8.93,NA
Q2,1994-06-07,17,1.51,3.43,7.46,NA
Q2,1994-06-14,NA,NA,NA,NA,NA
Q2,1994-06-21,59,1.62,3.28,6.7,NA
Q2,1994-06-28,6,1.29,3.02,6.05,NA
Q2,1994-06-30,38,1.39,2.33,4.94,NA
Q2,1994-07-05,68,1.29,2.91,6.26,NA
Q2,1994-07-12,NA,NA,NA,NA,NA
Q2,1994-07-19,470,1.52,2.48,4.97,NA
Q2,1994-07-26,NA,NA,NA,NA,NA
Q2,1994-08-02,NA,0.27,1.63,2.4,NA
Q2,1994-08-09,NA,1.22,2.53,5.77,NA
Q2,1994-08-16,NA,NA,NA,NA,NA
Q2,1994-08-23,NA,NA,NA,NA,NA
Q2,1994-08-30,NA,NA,NA,NA,NA
Q2,1994-09-06,NA,NA,NA,NA,NA
Q2,1994-09-13,NA,NA,NA,NA,NA
Q2,1994-09-20,NA,1.36,1.64,3.57,NA
Q2,1994-09-27,NA,NA,NA,NA,NA
Q2,1994-10-04,NA,NA,NA,NA,NA
Q2,1994-10-11,NA,NA,NA,NA,NA
Q2,1994-10-18,NA,NA,NA,NA,NA
Q2,1994-10-25,NA,1.28,2.31,5.08,NA
Q2,1994-11-01,NA,NA,NA,NA,NA
Q2,1994-11-08,NA,1.38,1.82,3.64,NA
Q2,1994-11-15,NA,1.13,2.17,4.57,NA
Q2,1994-11-22,NA,1.06,2.2,4.76,NA
Q2,1994-11-29,NA,1.21,2.33,4.81,NA
Q2,1994-12-06,NA,1.17,2.44,5.21,NA
Q2,1994-12-13,NA,1.14,2.62,5.79,NA
Q2,1994-12-20,NA,1.79,3.62,7.97,NA
Q2,1994-12-27,NA,1.15,2.71,5.71,NA
Q3,1988-01-05,142,0.68,2.69,3.7,12
Q3,1988-01-12,181,0.66,2.55,3.6,9
Q3,1988-01-19,157,0.66,2.69,3.65,17
Q3,1988-01-26,157,0.72,3.04,4.17,31
Q3,1988-01-29,209,0.82,2.18,3.19,47
Q3,1988-01-29,183,0.72,2.18,3.11,41
Q3,1988-01-29,167,0.85,2.13,3.03,24
Q3,1988-01-29,141,0.82,2.09,2.93,34
Q3,1988-01-29,209,NA,NA,NA,72
Q3,1988-01-29,NA,NA,NA,NA,75
Q3,1988-01-29,207,0.78,2.24,3.2,52
Q3,1988-02-02,146,0.76,1.96,2.93,15
Q3,1988-02-02,32,0.71,2.2,3.11,55
Q3,1988-02-03,NA,NA,NA,NA,NA
Q3,1988-02-04,NA,NA,NA,NA,NA
Q3,1988-02-09,170,0.71,3.71,2.71,26
Q3,1988-02-10,NA,NA,NA,NA,NA
Q3,1988-02-16,146,0.68,2.65,3.84,16
Q3,1988-02-23,204,0.68,3.01,3.85,23
Q3,1988-03-01,196,0.67,3.02,3.91,15
Q3,1988-03-08,196,0.56,3,3.11,32
Q3,1988-03-15,215,0.11,1.65,3.73,13
Q3,1988-03-23,219,0.62,2.99,3.81,25
Q3,1988-03-29,200,0.59,1.78,2.49,31
Q3,1988-04-05,207,0.63,2.93,3.71,21
Q3,1988-04-12,210,0.61,2.83,3.71,19
Q3,1988-04-19,191,0.6,2.45,3.16,17
Q3,1988-04-26,208,0.64,2.96,3.8,27
Q3,1988-05-03,201,0.64,2.94,3.77,52
Q3,1988-05-10,224,0.66,3.07,3.84,64
Q3,1988-05-10,186,0.83,1.69,2.41,16
Q3,1988-05-10,NA,NA,NA,NA,NA
Q3,1988-05-10,NA,NA,NA,NA,NA
Q3,1988-05-10,NA,NA,NA,NA,NA
Q3,1988-05-17,176,0.58,1.23,1.04,27
Q3,1988-05-24,206,0.61,1.33,1.15,74
Q3,1988-05-31,178,0.67,2.41,2.7,88
Q3,1988-06-07,206,0.74,2.98,3.23,78
Q3,1988-06-14,NA,0.7,2.99,3.24,70
Q3,1988-06-21,NA,0.69,2.16,2.56,NA
Q3,1988-06-28,NA,0.7,2.74,2.98,NA
Q3,1988-07-05,NA,0.7,2.79,2.98,NA
Q3,1988-07-12,NA,0.67,2.77,2.95,NA
Q3,1988-07-19,NA,0.55,2.13,2.72,18
Q3,1988-07-22,NA,0.67,2.36,2.76,NA
Q3,1988-07-26,NA,0.63,2.01,2.45,NA
Q3,1988-07-26,NA,NA,NA,NA,NA
Q3,1988-08-02,NA,0.74,2.93,3.19,19
Q3,1988-08-09,NA,0.72,2.96,3.13,5
Q3,1988-08-16,NA,0.69,2.89,3.15,77
Q3,1988-08-23,NA,0.66,2.63,3.31,NA
Q3,1988-08-24,NA,NA,NA,NA,NA
Q3,1988-08-24,NA,0.64,1.51,2.09,24
Q3,1988-08-24,NA,0.58,1.42,1.99,NA
Q3,1988-08-24,85,0.45,0.67,0.91,NA
Q3,1988-08-24,NA,0.58,2,2.48,NA
Q3,1988-08-30,151,0.57,2.49,3.13,NA
Q3,1988-09-06,168,0.71,2.86,3.69,NA
Q3,1988-09-13,138,0.52,2.03,2.77,8
Q3,1988-09-20,130,0.59,2.49,3.59,NA
Q3,1988-09-27,127,0.64,2.82,3.25,NA
Q3,1988-10-04,NA,0.55,1.98,2.69,64
Q3,1988-10-11,187,0.6,2.71,3.17,38
Q3,1988-10-18,205,NA,NA,NA,57
Q3,1988-10-25,163,0.69,2.44,3.49,NA
Q3,1988-11-01,202,0.74,2.68,3.75,NA
Q3,1988-11-07,194,0.69,2.76,3.94,NA
Q3,1988-11-15,162,0.71,2.64,3.63,NA
Q3,1988-11-22,170,0.7,2.27,NA,NA
Q3,1988-11-29,179,0.69,2.78,3.81,NA
Q3,1988-12-06,198,0.67,2.78,3.88,NA
Q3,1988-12-13,183,0.77,2.91,4.02,NA
Q3,1988-12-20,205,0.77,2.79,3.98,NA
Q3,1988-12-27,184,0.77,2.66,3.75,NA
Q3,1989-01-03,165,0.75,2.87,4,NA
Q3,1989-01-10,276,0.8,2.24,3.45,NA
Q3,1989-01-17,10,0.78,2.72,3.83,NA
Q3,1989-01-24,196,0.85,2.86,4.04,NA
Q3,1989-01-31,219,0.82,2.89,3.94,NA
Q3,1989-02-07,218,0.85,2.82,3.99,NA
Q3,1989-02-14,227,0.74,3,3.85,NA
Q3,1989-02-21,161,0.72,2.75,3.67,NA
Q3,1989-02-28,146,0.72,2.64,3.44,NA
Q3,1989-03-07,180,0.72,2.94,3.9,NA
Q3,1989-03-09,NA,NA,NA,NA,NA
Q3,1989-03-14,116,0.72,2.61,3.55,NA
Q3,1989-03-21,173,0.7,2.84,3.41,NA
Q3,1989-03-28,182,0.66,2.84,3.42,NA
Q3,1989-04-04,173,0.69,2.69,3.77,NA
Q3,1989-04-11,146,0.69,2.4,3.62,NA
Q3,1989-04-18,147,0.67,2.74,4.24,NA
Q3,1989-04-25,186,0.78,2.83,4.31,NA
Q3,1989-05-02,171,0.78,2.95,4.46,NA
Q3,1989-05-09,143,0.8,2.42,3.76,NA
Q3,1989-05-16,161,0.84,2.91,4.14,NA
Q3,1989-05-23,190,0.7,3.04,4.27,NA
Q3,1989-05-30,163,0.79,2.96,4.09,NA
Q3,1989-06-06,132,0.77,3.07,4.02,NA
Q3,1989-06-13,144,0.62,2.95,4.41,NA
Q3,1989-06-20,17,0.71,2.97,4.12,NA
Q3,1989-06-27,32,0.71,3.29,3.73,NA
Q3,1989-07-05,10,0.75,1.59,1.31,NA
Q3,1989-07-11,132,0.86,2.83,3.89,NA
Q3,1989-07-18,10,0.85,2.56,3.94,NA
Q3,1989-07-26,41,0.81,2.73,3.8,NA
Q3,1989-08-01,159,0.84,2.74,3.74,NA
Q3,1989-08-08,268,0.95,3.26,4.2,NA
Q3,1989-08-15,207,0.82,3.06,3.92,NA
Q3,1989-08-22,142,0.65,1.58,2.31,NA
Q3,1989-08-29,233,NA,0.1,3.38,NA
Q3,1989-09-05,103,0.75,2.89,4.07,NA
Q3,1989-09-12,94,0.78,2.92,3.79,NA
Q3,1989-09-20,NA,NA,NA,NA,NA
Q3,1989-09-22,NA,0.89,2.63,3.34,NA
Q3,1989-09-26,NA,1.15,2.86,3.72,NA
Q3,1989-09-26,NA,1.14,2.54,1.5,NA
Q3,1989-10-03,52,1.02,3.04,3.89,NA
Q3,1989-10-05,NA,1,NA,NA,NA
Q3,1989-10-10,NA,0.93,3.03,3.95,NA
Q3,1989-10-17,173,1.32,3.38,4.34,NA
Q3,1989-10-24,404,1.33,3.37,4.4,NA
Q3,1989-10-31,582,1.48,4.17,4.61,NA
Q3,1989-11-07,657,1.81,3.71,4.33,NA
Q3,1989-11-08,905,3.44,3.67,3.33,NA
Q3,1989-11-14,444,1.58,3.47,1.74,NA
Q3,1989-11-21,340,1.45,3.34,3.97,NA
Q3,1989-11-28,328,1.15,3.47,4.89,NA
Q3,1989-12-05,315,1,3.41,5.01,NA
Q3,1989-12-12,10,1.01,3.57,5.15,NA
Q3,1989-12-19,303,0.99,3.55,5.27,NA
Q3,1989-12-26,361,0.98,3.5,5.24,NA
Q3,1990-01-02,NA,2.46,3.8,5.11,NA
Q3,1990-01-09,304,1.2,3.61,5.2,NA
Q3,1990-01-16,36,1.31,3.64,5.33,NA
Q3,1990-01-23,92,1.32,3.55,5.09,NA
Q3,1990-01-30,34,1.34,3.57,5.27,NA
Q3,1990-02-06,395,1.19,3.42,5.16,NA
Q3,1990-02-13,530,1.44,3.72,5.13,NA
Q3,1990-02-20,395,1.5,3.58,5.02,NA
Q3,1990-02-27,313,1.36,3.6,5.04,NA
Q3,1990-03-06,318,1.26,3.7,5.27,NA
Q3,1990-03-13,56,1.99,2.36,3.36,NA
Q3,1990-03-20,751,1.49,3.35,4.64,NA
Q3,1990-03-27,644,1.5,3.08,4.4,NA
Q3,1990-04-03,NA,1.23,3.55,4.94,NA
Q3,1990-04-10,225,1.15,3.63,5.11,NA
Q3,1990-04-17,148,1.17,3.62,5.13,NA
Q3,1990-04-24,10,1.18,3.62,5.19,NA
Q3,1990-04-25,136,1.72,0.45,0.6,NA
Q3,1990-04-25,970,1.56,0.7,0.88,NA
Q3,1990-04-25,691,1.46,0.57,0.71,NA
Q3,1990-04-26,352,1.45,2.4,3.08,NA
Q3,1990-05-01,262,1.12,3.35,4.57,NA
Q3,1990-05-08,10,1.25,3.48,4.86,NA
Q3,1990-05-10,780,1.59,2.02,2.84,NA
Q3,1990-05-15,373,1.34,3.28,4.58,NA
Q3,1990-05-22,275,1.28,3.53,4.8,NA
Q3,1990-05-29,348,1.37,3.24,4.35,NA
Q3,1990-06-05,188,1.26,3.66,4.81,NA
Q3,1990-06-12,154,1.27,3.65,4.76,NA
Q3,1990-06-19,337,1.26,3.44,4.53,NA
Q3,1990-06-26,379,1.26,2.76,3.81,NA
Q3,1990-07-03,236,1.16,3.72,5.09,NA
Q3,1990-07-10,261,1.14,3.69,5.04,NA
Q3,1990-07-17,97,1.05,3.69,5.3,NA
Q3,1990-07-24,NA,1.23,1.97,2.88,NA
Q3,1990-07-31,142,1.04,3.73,5.31,NA
Q3,1990-08-07,211,1,4.05,5.8,NA
Q3,1990-08-14,424,1.1,2.88,8.74,NA
Q3,1990-08-21,215,1.04,3.55,5.06,NA
Q3,1990-08-28,139,1.01,3.51,5.24,NA
Q3,1990-09-04,10,0.99,3.66,5.44,NA
Q3,1990-09-11,11,0.97,3.54,5.3,NA
Q3,1990-09-18,83,0.97,3.52,5.19,NA
Q3,1990-09-25,105,0.93,3.49,5.31,NA
Q3,1990-10-02,168,0.94,2.87,4.26,NA
Q3,1990-10-09,93,1.04,3.35,4.82,NA
Q3,1990-10-16,108,0.92,5.21,10.38,NA
Q3,1990-10-23,181,0.94,2.91,4.26,NA
Q3,1990-10-30,104,0.95,1.7,4.24,NA
Q3,1990-11-06,178,0.96,2.7,3.9,NA
Q3,1990-11-13,163,0.91,3.39,4.6,NA
Q3,1990-11-20,171,0.86,3.54,4.82,NA
Q3,1990-11-27,234,0.84,3.19,4.61,NA
Q3,1990-12-04,NA,1.04,1.76,2.58,NA
Q3,1990-12-04,164,0.88,1.59,6.81,NA
Q3,1990-12-11,114,0.82,3.5,5.07,NA
Q3,1990-12-14,258,1.76,1.72,2.76,NA
Q3,1990-12-18,322,0.73,3.45,4.86,NA
Q3,1990-12-25,189,0.92,3.5,5.01,NA
Q3,1990-12-31,192,1.12,2.32,3.27,NA
Q3,1991-01-08,168,1.04,3.24,4.65,NA
Q3,1991-01-15,NA,0.73,3.22,4.47,NA
Q3,1991-01-22,111,0.77,3.51,4.74,NA
Q3,1991-01-29,NA,0.79,3.38,7.41,NA
Q3,1991-02-05,11,0.78,2.96,4.53,NA
Q3,1991-02-12,137,0.9,8.7,5.43,NA
Q3,1991-02-19,306,0.86,2.57,4.07,NA
Q3,1991-02-26,174,0.83,3.38,4.49,NA
Q3,1991-03-05,168,0.7,3.34,4.82,NA
Q3,1991-03-12,173,0.74,3.28,5,NA
Q3,1991-03-19,229,0.76,3.19,4.69,NA
Q3,1991-03-22,NA,NA,NA,NA,NA
Q3,1991-03-26,152,0.7,3.46,5.13,NA
Q3,1991-04-02,80,0.76,3.5,5.06,NA
Q3,1991-04-09,23,0.71,3.19,4.77,NA
Q3,1991-04-15,21,0.94,3.11,4.42,NA
Q3,1991-04-23,44,0.94,3.11,4.57,NA
Q3,1991-04-30,92,0.9,1.97,2.88,NA
Q3,1991-05-07,16,0.85,3.72,3.7,NA
Q3,1991-05-14,NA,0.85,3.44,3.68,NA
Q3,1991-05-21,45,0.94,3.61,5.1,NA
Q3,1991-05-28,78,0.86,3.08,5.68,NA
Q3,1991-05-31,NA,0.9,3.41,3.64,NA
Q3,1991-06-01,NA,NA,NA,NA,NA
Q3,1991-06-04,13,0.92,3.46,3.7,NA
Q3,1991-06-11,105,0.87,3.39,5,NA
Q3,1991-06-18,149,0.9,3.51,4.89,NA
Q3,1991-06-25,6,0.9,3.46,3.62,NA
Q3,1991-07-02,184,0.9,3.33,3.61,NA
Q3,1991-07-09,118,0.79,3.16,3.52,NA
Q3,1991-07-16,NA,1.31,3.5,5.04,NA
Q3,1991-07-23,158,0.72,3.14,5.06,NA
Q3,1991-07-30,10,0.66,3.27,5,NA
Q3,1991-08-06,314,0.77,4.01,4.1,NA
Q3,1991-08-13,10,0.78,4.44,5.19,NA
Q3,1991-08-20,13,NA,4.3,5.86,NA
Q3,1991-08-27,26,0.97,3.38,5.05,NA
Q3,1991-08-27,50,2.49,1.12,1.63,NA
Q3,1991-09-03,232,0.92,3.38,4.65,NA
Q3,1991-09-10,93,0.66,2.55,4.1,NA
Q3,1991-09-17,165,0.85,3.1,4.76,NA
Q3,1991-09-24,119,0.72,4.42,6.01,NA
Q3,1991-10-01,97,0.92,2.95,4.51,NA
Q3,1991-10-08,167,0.92,3.49,4.84,NA
Q3,1991-10-15,186,1,3.8,5.34,NA
Q3,1991-10-22,166,0.82,3.22,3.82,NA
Q3,1991-10-29,61,0.42,4.88,5.71,NA
Q3,1991-11-05,163,0.71,1.81,5.8,NA
Q3,1991-11-07,96,1.05,1.55,2.08,NA
Q3,1991-11-08,143,1.12,1.81,2.09,NA
Q3,1991-11-12,271,1.25,3.23,3.99,NA
Q3,1991-11-18,208,0.88,3.31,4.68,NA
Q3,1991-11-22,98,0.89,1.64,1.96,NA
Q3,1991-11-26,197,0.88,3.05,3.72,NA
Q3,1991-12-03,25,0.94,2.83,3.43,NA
Q3,1991-12-10,242,0.8,3,3.96,NA
Q3,1991-12-17,264,0.9,3.13,3.66,NA
Q3,1991-12-23,237,0.75,3.12,4.77,NA
Q3,1991-12-30,254,1.11,3.35,7.58,NA
Q3,1992-01-07,279,1.04,2.91,4.31,NA
Q3,1992-01-14,235,0.92,3.1,4.52,NA
Q3,1992-01-21,218,0.89,3.37,5.02,NA
Q3,1992-01-28,219,0.9,3.43,5.4,NA
Q3,1992-02-04,94,1,2.3,2.41,NA
Q3,1992-02-06,156,1.31,2.17,3.36,NA
Q3,1992-02-11,17,0.94,3.18,4.81,NA
Q3,1992-02-18,144,1.19,4.36,6.59,NA
Q3,1992-02-25,333,0.87,3.71,6.37,NA
Q3,1992-03-03,196,0.89,3.85,6.62,NA
Q3,1992-03-10,162,0.98,3.33,4.01,NA
Q3,1992-03-17,183,1.7,3.87,7.11,NA
Q3,1992-03-24,NA,1.81,3.73,7.03,NA
Q3,1992-04-01,102,1.04,3.16,6.09,NA
Q3,1992-04-07,10,1.31,3.13,6.27,NA
Q3,1992-04-14,14,0.63,2.14,8.08,NA
Q3,1992-04-21,19,0.85,3.24,4.31,NA
Q3,1992-04-28,28,0.96,3.36,5.81,NA
Q3,1992-05-05,168,1.41,3.1,4.29,NA
Q3,1992-05-12,168,0.89,3.6,5.04,NA
Q3,1992-05-19,131,0.8,3.84,5.54,NA
Q3,1992-05-26,NA,0.79,2.23,3.25,NA
Q3,1992-06-02,53,1.09,1.28,2.16,NA
Q3,1992-06-09,10,0.88,3.25,4.86,NA
Q3,1992-06-16,333,0.77,1.75,2.5,NA
Q3,1992-06-23,29,0.83,2.16,3.04,NA
Q3,1992-06-30,32,0.96,3.5,5.14,NA
Q3,1992-07-07,29,1,3.48,5.44,NA
Q3,1992-07-14,43,0.82,3.26,4.52,NA
Q3,1992-07-21,48,0.99,3.5,4.97,NA
Q3,1992-07-28,90,0.83,3.34,4.97,NA
Q3,1992-08-04,26,1.06,3.42,4.92,NA
Q3,1992-08-11,26,0.85,1.9,2.87,NA
Q3,1992-08-18,99,0.83,3.54,5.15,NA
Q3,1992-08-25,11,2.93,3.43,4.16,NA
Q3,1992-09-01,10,0.76,0.61,2.46,NA
Q3,1992-09-08,10,1.1,3.83,5.73,NA
Q3,1992-09-15,38,0.84,3.62,5.67,NA
Q3,1992-09-22,122,0.84,2.92,4.07,NA
Q3,1992-09-29,105,0.9,3,4.32,NA
Q3,1992-10-06,142,0.81,3.39,4.39,NA
Q3,1992-10-13,46,1.09,4.48,6.66,NA
Q3,1992-10-20,7,0.84,3.63,5,NA
Q3,1992-10-27,27,0.86,3.48,5.22,NA
Q3,1992-11-03,116,0.91,3.25,4.79,NA
Q3,1992-11-10,85,0.85,2.22,3.02,NA
Q3,1992-11-17,14,1.61,2.91,4.14,NA
Q3,1992-11-24,10,0.85,3.06,4.14,NA
Q3,1992-12-01,13,0.87,2.66,3.58,NA
Q3,1992-12-08,23,2.08,7.51,9.78,NA
Q3,1992-12-15,21,0.86,2.99,4.07,NA
Q3,1992-12-22,NA,NA,NA,NA,NA
Q3,1992-12-22,NA,0.87,1.84,3.24,NA
Q3,1992-12-29,NA,0.98,2.78,4,NA
Q3,1993-01-05,NA,0.79,2.96,4.11,NA
Q3,1993-01-12,NA,0.76,3.02,3.59,NA
Q3,1993-01-19,NA,0.73,3.03,4,NA
Q3,1993-01-26,NA,0.89,2.93,3.55,NA
Q3,1993-02-02,NA,0.79,3.17,4.06,NA
Q3,1993-02-09,NA,1.06,3.37,4.08,NA
Q3,1993-02-16,NA,0.56,2.12,3.69,NA
Q3,1993-02-23,NA,0.84,3.35,4.39,NA
Q3,1993-03-02,207,0.89,3.24,4.87,NA
Q3,1993-03-09,13,0.66,3.49,4.71,NA
Q3,1993-03-16,210,0.87,3.48,4.88,NA
Q3,1993-03-23,63,0.93,3.05,3.92,NA
Q3,1993-03-30,116,0.78,3.42,4.61,NA
Q3,1993-04-06,168,0.82,3.79,5.55,NA
Q3,1993-04-13,162,0.94,3.69,5.39,NA
Q3,1993-04-20,156,0.97,3.28,4.77,NA
Q3,1993-04-27,145,0.65,5.21,2.16,NA
Q3,1993-05-04,NA,0.69,2.73,3.83,NA
Q3,1993-05-11,NA,0.94,2.75,3.62,NA
Q3,1993-05-18,NA,1.25,2.81,3.73,NA
Q3,1993-05-25,NA,0.73,2.62,3.83,NA
Q3,1993-06-01,16,0.73,3.03,4.41,NA
Q3,1993-06-08,NA,NA,NA,NA,NA
Q3,1993-06-15,8,0.69,3.36,4.72,NA
Q3,1993-06-15,NA,NA,NA,NA,NA
Q3,1993-06-22,36,0.68,2.23,3.47,NA
Q3,1993-06-29,NA,1.13,4.64,6.12,NA
Q3,1993-07-06,176,0.69,3.07,4.63,NA
Q3,1993-07-13,NA,0.68,2.97,4.34,NA
Q3,1993-07-20,NA,0.86,1.66,4.35,NA
Q3,1993-07-27,NA,0.85,1.49,4.05,NA
Q3,1993-08-03,21,0.84,3.25,4.91,NA
Q3,1993-08-10,86,0.86,3.35,4.87,NA
Q3,1993-08-17,80,1.11,4.54,6.38,NA
Q3,1993-08-24,324,0.87,3.45,4.84,NA
Q3,1993-08-31,18,0.76,2.6,4.01,NA
Q3,1993-09-07,88,0.69,3.24,4.44,NA
Q3,1993-09-14,NA,1.08,4.08,5.45,NA
Q3,1993-09-21,124,0.68,3.08,4.69,NA
Q3,1993-09-28,51,1,NA,3.99,NA
Q3,1993-10-05,57,0.62,3.13,4.3,NA
Q3,1993-10-13,16,0.96,3.05,4.53,NA
Q3,1993-10-19,8,0.69,1.71,3.69,NA
Q3,1993-10-26,6,0.74,2.95,4.3,NA
Q3,1993-11-02,NA,0.69,3.56,5.11,NA
Q3,1993-11-09,NA,0.78,3.06,4.68,NA
Q3,1993-11-16,NA,0.77,2.39,3.73,NA
Q3,1993-11-23,54,1.15,3.77,5.16,NA
Q3,1993-11-30,NA,0.77,2.33,3.48,NA
Q3,1993-12-07,NA,0.97,3.27,4.82,NA
Q3,1993-12-14,21,0.97,4.08,5.84,NA
Q3,1993-12-21,22,1.15,3.34,3.83,NA
Q3,1993-12-28,NA,0.78,2.62,3.39,NA
Q3,1994-01-04,NA,0.72,1.58,4.12,NA
Q3,1994-01-11,NA,0.67,1.44,3.66,NA
Q3,1994-01-18,NA,0.97,1.62,4.29,NA
Q3,1994-01-25,10,0.68,3.4,4.78,NA
Q3,1994-02-01,16,0.73,3.11,4.12,NA
Q3,1994-02-08,NA,0.83,3.11,4.22,NA
Q3,1994-02-15,NA,0.74,3.32,4.08,NA
Q3,1994-02-22,NA,0.96,2.12,3.09,NA
Q3,1994-03-01,NA,0.9,3.3,4.78,NA
Q3,1994-03-08,12,0.89,3.37,4.89,NA
Q3,1994-03-15,6,0.84,3.41,5.05,NA
Q3,1994-03-22,NA,0.8,3.67,5.62,NA
Q3,1994-03-29,16,0.96,3.73,5.74,NA
Q3,1994-04-05,13,0.94,3.61,5.68,NA
Q3,1994-04-12,146,0.74,3.13,4.68,NA
Q3,1994-04-19,141,1.08,3.47,4.68,NA
Q3,1994-04-26,22,0.88,3.62,5.51,NA
Q3,1994-05-03,9,0.74,3.77,5.87,NA
Q3,1994-05-10,23,0.82,2.62,3.95,NA
Q3,1994-05-17,22,0.8,2.68,3.87,NA
Q3,1994-05-24,24,0.81,3.55,5.18,NA
Q3,1994-05-31,25,1.03,4.68,6.76,NA
Q3,1994-06-07,8,0.92,3.75,5.45,NA
Q3,1994-06-14,11,0.72,3.76,5.54,NA
Q3,1994-06-21,10,0.98,3.82,5.49,NA
Q3,1994-06-28,NA,0.9,3.51,5.08,NA
Q3,1994-06-30,129,1.09,2.26,3.01,NA
Q3,1994-07-05,7,0.86,3.94,5.7,NA
Q3,1994-07-12,145,0.71,3.7,5.47,NA
Q3,1994-07-19,110,1.05,3.6,5.26,NA
Q3,1994-07-26,NA,0.76,3.54,4.95,NA
Q3,1994-08-02,NA,0.83,3.4,4.74,NA
Q3,1994-08-09,NA,0.77,3.38,4.85,NA
Q3,1994-08-16,NA,0.92,3.6,5.04,NA
Q3,1994-08-23,NA,0.99,4.47,5.9,NA
Q3,1994-08-30,NA,0.69,3.52,5.08,NA
Q3,1994-09-06,NA,1.01,4.64,6.98,NA
Q3,1994-09-13,NA,0.72,3.67,5.25,NA
Q3,1994-09-20,NA,0.9,1.48,2.03,NA
Q3,1994-09-27,NA,0.83,3.53,5.34,NA
Q3,1994-10-04,NA,0.86,3.73,5.7,NA
Q3,1994-10-11,NA,0.77,3.09,4.13,NA
Q3,1994-10-18,NA,0.91,3.4,5.18,NA
Q3,1994-10-25,NA,1.03,2.89,3.92,NA
Q3,1994-11-01,NA,0.94,3.51,5.21,NA
Q3,1994-11-08,NA,0.78,2.2,3.18,NA
Q3,1994-11-15,NA,0.8,3.05,4.35,NA
Q3,1994-11-22,NA,0.86,2.99,4.04,NA
Q3,1994-11-29,NA,0.67,2.87,3.98,NA
Q3,1994-12-06,NA,0.73,2.97,4.16,NA
Q3,1994-12-13,NA,0.78,3.11,4.57,NA
Q3,1994-12-20,NA,1.27,3.78,5.37,NA
Q3,1994-12-27,NA,0.8,3.26,4.85,NA
